Workbook

Sheet Monitoring RKA 2026
A1: Bulan | B1: Wilayah | C1: PosAnggaran | D1: ProgramConsumed | E1: RealisasiConsumed | F1: ProgramActual | G1: RealisasiActual
A2: Jan | B2: Kantor Pusat | C2: Perawatan BMN | D2: 100000000 | E2: ='Hitung Per Bulan'!I2 -> 84845467162 | F2: 50000000 | G2: ='Hitung Per Bulan'!J2 -> 0
A3: Feb | B3: Kantor Pusat | C3: Perawatan BMN | D3: 23567624816 | E3: ='Hitung Per Bulan'!I3 -> 59570632314 | F3: 50000000 | G3: ='Hitung Per Bulan'!J3 -> 0
A4: Mar | B4: Kantor Pusat | C4: Perawatan BMN | D4: 227166881580 | E4: ='Hitung Per Bulan'!I4 -> 144879653762 | F4: 34189485820 | G4: ='Hitung Per Bulan'!J4 -> 48109844280
A5: Apr | B5: Kantor Pusat | C5: Perawatan BMN | D5: 59269584722 | E5: ='Hitung Per Bulan'!I5 | F5: 150000000 | G5: ='Hitung Per Bulan'!J5
A6: Mei | B6: Kantor Pusat | C6: Perawatan BMN | D6: 2449082158 | E6: ='Hitung Per Bulan'!I6 | F6: 270862500 | G6: ='Hitung Per Bulan'!J6
A7: Jun | B7: Kantor Pusat | C7: Perawatan BMN | D7: 4232140778 | E7: ='Hitung Per Bulan'!I7 | F7: 1144232361 | G7: ='Hitung Per Bulan'!J7
A8: Jul | B8: Kantor Pusat | C8: Perawatan BMN | D8: 150000000 | E8: ='Hitung Per Bulan'!I8 | F8: 12808685000 | G8: ='Hitung Per Bulan'!J8
A9: Agt | B9: Kantor Pusat | C9: Perawatan BMN | D9: 150000000 | E9: ='Hitung Per Bulan'!I9 | F9: 30371398896 | G9: ='Hitung Per Bulan'!J9
A10: Sep | B10: Kantor Pusat | C10: Perawatan BMN | D10: 150000000 | E10: ='Hitung Per Bulan'!I10 | F10: 32919933000 | G10: ='Hitung Per Bulan'!J10
A11: Okt | B11: Kantor Pusat | C11: Perawatan BMN | D11: 150000000 | E11: ='Hitung Per Bulan'!I11 | F11: 61587805112 | G11: ='Hitung Per Bulan'!J11
A12: Nov | B12: Kantor Pusat | C12: Perawatan BMN | D12: 122077000 | E12: ='Hitung Per Bulan'!I12 | F12: 35148562865 | G12: ='Hitung Per Bulan'!J12
A13: Des | B13: Kantor Pusat | C13: Perawatan BMN | D13: 55000000 | E13: ='Hitung Per Bulan'!I13 | F13: 108871425778 | G13: ='Hitung Per Bulan'!J13
... A64: Mar | B64: Kantor Pusat | C64: BUTAP KAI | D64: 443000000 | E64: ='Hitung Per Bulan'!I64 -> 61678750 | F64: 243000000 | G64: ='Hitung Per Bulan'!J64 -> 62518750
A65: Apr | B65: Kantor Pusat | C65: BUTAP KAI | D65: =1993000000+500000000 -> 2493000000 | E65: ='Hitung Per Bulan'!I65 | F65: 1243000000 | G65: ='Hitung Per Bulan'!J65
A66: Mei | B66: Kantor Pusat | C66: BUTAP KAI | D66: 593000000 | E66: ='Hitung Per Bulan'!I66 | F66: =593000000+1500000000 -> 2093000000 | G66: ='Hitung Per Bulan'!J66
A67: Jun | B67: Kantor Pusat | C67: BUTAP KAI | D67: =513000000+1000000000 -> 1513000000 | E67: ='Hitung Per Bulan'!I67 | F67: 1043000000 | G67: ='Hitung Per Bulan'!J67
A68: Jul | B68: Kantor Pusat | C68: BUTAP KAI | D68: 943000000 | E68: ='Hitung Per Bulan'!I68 | F68: 963000000 | G68: ='Hitung Per Bulan'!J68
A69: Agt | B69: Kantor Pusat | C69: BUTAP KAI | D69: 543000000 | E69: ='Hitung Per Bulan'!I69 | F69: 443000000 | G69: ='Hitung Per Bulan'!J69
A70: Sep | B70: Kantor Pusat | C70: BUTAP KAI | D70: 293000000 | E70: ='Hitung Per Bulan'!I70 | F70: 493000000 | G70: ='Hitung Per Bulan'!J70
A71: Okt | B71: Kantor Pusat | C71: BUTAP KAI | D71: 413000000 | E71: ='Hitung Per Bulan'!I71 | F71: 663000000 | G71: ='Hitung Per Bulan'!J71
A72: Nov | B72: Kantor Pusat | C72: BUTAP KAI | D72: 193000000 | E72: ='Hitung Per Bulan'!I72 | F72: 293000000 | G72: ='Hitung Per Bulan'!J72
A73: Des | B73: Kantor Pusat | C73: BUTAP KAI | D73: 113000000 | E73: ='Hitung Per Bulan'!I73 | F73: 113000000 | G73: ='Hitung Per Bulan'!J73
A74: Jan | B74: Kantor Pusat | C74: LAT IO | D74: 310000000 | E74: ='Hitung Per Bulan'!I74 -> 275097724 | F74: 310000000 | G74: ='Hitung Per Bulan'!J74 -> 275097724
A75: Feb | B75: Kantor Pusat | C75: LAT IO | D75: 310000000 | E75: ='Hitung Per Bulan'!I75 -> 626594334 | F75: 310000000 | G75: ='Hitung Per Bulan'!J75 -> 626594334
A76: Mar | B76: Kantor Pusat | C76: LAT IO | D76: 310000000 | E76: ='Hitung Per Bulan'!I76 -> 66225547 | F76: 310000000 | G76: ='Hitung Per Bulan'!J76 -> 66225547
A77: Apr | B77: Kantor Pusat | C77: LAT IO | D77: 420000000 | E77: ='Hitung Per Bulan'!I77 | F77: 420000000 | G77: ='Hitung Per Bulan'!J77
A78: Mei | B78: Kantor Pusat | C78: LAT IO | D78: 420000000 | E78: ='Hitung Per Bulan'!I78 | F78: 420000000 | G78: ='Hitung Per Bulan'!J78
A79: Jun | B79: Kantor Pusat | C79: LAT IO | D79: 420000000 | E79: ='Hitung Per Bulan'!I79 | F79: 420000000 | G79: ='Hitung Per Bulan'!J79
... A301: Des | B301: 2 BD | C301: Peralatan Khusus KAI | D301: 0 | E301: ='Hitung Per Bulan'!I301 | F301: 0 | G301: ='Hitung Per Bulan'!J301
A302: Jan | B302: 2 BD | C302: BUTAP BMN | D302: 0 | E302: ='Hitung Per Bulan'!I302 -> 0 | G302: ='Hitung Per Bulan'!J302 -> 0
A303: Feb | B303: 2 BD | C303: BUTAP BMN | D303: 0 | E303: ='Hitung Per Bulan'!I303 -> 0 | G303: ='Hitung Per Bulan'!J303 -> 0
A304: Mar | B304: 2 BD | C304: BUTAP BMN | D304: 0 | E304: ='Hitung Per Bulan'!I304 -> 0 | G304: ='Hitung Per Bulan'!J304 -> 0
A305: Apr | B305: 2 BD | C305: BUTAP BMN | D305: 0 | E305: ='Hitung Per Bulan'!I305 | G305: ='Hitung Per Bulan'!J305
A306: Mei | B306: 2 BD | C306: BUTAP BMN | D306: 0 | E306: ='Hitung Per Bulan'!I306 | G306: ='Hitung Per Bulan'!J306
A307: Jun | B307: 2 BD | C307: BUTAP BMN | D307: 0 | E307: ='Hitung Per Bulan'!I307 | G307: ='Hitung Per Bulan'!J307
A308: Jul | B308: 2 BD | C308: BUTAP BMN | D308: 0 | E308: ='Hitung Per Bulan'!I308 | G308: ='Hitung Per Bulan'!J308
A309: Agt | B309: 2 BD | C309: BUTAP BMN | D309: 0 | E309: ='Hitung Per Bulan'!I309 | G309: ='Hitung Per Bulan'!J309
A310: Sep | B310: 2 BD | C310: BUTAP BMN | D310: 0 | E310: ='Hitung Per Bulan'!I310 | G310: ='Hitung Per Bulan'!J310
A311: Okt | B311: 2 BD | C311: BUTAP BMN | D311: 0 | E311: ='Hitung Per Bulan'!I311 | G311: ='Hitung Per Bulan'!J311
A312: Nov | B312: 2 BD | C312: BUTAP BMN | D312: 0 | E312: ='Hitung Per Bulan'!I312 | G312: ='Hitung Per Bulan'!J312
A313: Des | B313: 2 BD | C313: BUTAP BMN | D313: 0 | E313: ='Hitung Per Bulan'!I313 | G313: ='Hitung Per Bulan'!J313
A314: Jan | B314: 2 BD | C314: BUTAP KAI | D314: 98435000 | E314: ='Hitung Per Bulan'!I314 -> 112428554 | F314: 98435000 | G314: ='Hitung Per Bulan'!J314 -> 19564700
A315: Feb | B315: 2 BD | C315: BUTAP KAI | D315: 60854000 | E315: ='Hitung Per Bulan'!I315 -> 44348055 | F315: 60854000 | G315: ='Hitung Per Bulan'!J315 -> 112098409
A316: Mar | B316: 2 BD | C316: BUTAP KAI | D316: 74364000 | E316: ='Hitung Per Bulan'!I316 -> 69082780 | F316: 74364000 | G316: ='Hitung Per Bulan'!J316 -> 51805780
A317: Apr | B317: 2 BD | C317: BUTAP KAI | D317: 67364000 | E317: ='Hitung Per Bulan'!I317 | F317: 67364000 | G317: ='Hitung Per Bulan'!J317
A318: Mei | B318: 2 BD | C318: BUTAP KAI | D318: 70354000 | E318: ='Hitung Per Bulan'!I318 | F318: 70354000 | G318: ='Hitung Per Bulan'!J318
A319: Jun | B319: 2 BD | C319: BUTAP KAI | D319: 278064000 | E319: ='Hitung Per Bulan'!I319 | F319: 278064000 | G319: ='Hitung Per Bulan'!J319
A320: Jul | B320: 2 BD | C320: BUTAP KAI | D320: 117864000 | E320: ='Hitung Per Bulan'!I320 | F320: 117864000 | G320: ='Hitung Per Bulan'!J320
A321: Agt | B321: 2 BD | C321: BUTAP KAI | D321: 58994000 | E321: ='Hitung Per Bulan'!I321 | F321: 58994000 | G321: ='Hitung Per Bulan'!J321
A322: Sep | B322: 2 BD | C322: BUTAP KAI | D322: 125004000 | E322: ='Hitung Per Bulan'!I322 | F322: 125004000 | G322: ='Hitung Per Bulan'!J322
A323: Okt | B323: 2 BD | C323: BUTAP KAI | D323: 53004000 | E323: ='Hitung Per Bulan'!I323 | F323: 53004000 | G323: ='Hitung Per Bulan'!J323
A324: Nov | B324: 2 BD | C324: BUTAP KAI | D324: 83004000 | E324: ='Hitung Per Bulan'!I324 | F324: 83004000 | G324: ='Hitung Per Bulan'!J324
A325: Des | B325: 2 BD | C325: BUTAP KAI | D325: 75015000 | E325: ='Hitung Per Bulan'!I325 | F325: 75015000 | G325: ='Hitung Per Bulan'!J325
... A493: Des | B493: 4 SM | C493: BUTAP KAI | D493: 58250000 | E493: ='Hitung Per Bulan'!I493 | F493: 107750000 | G493: ='Hitung Per Bulan'!J493
A494: Jan | B494: 4 SM | C494: LAT IO | D494: =214166666+0.666666666666667 -> 2.1416667e+08 | E494: ='Hitung Per Bulan'!I494 -> 201478069 | F494: =214166660+6.66666666666667 -> 2.1416667e+08 | G494: ='Hitung Per Bulan'!J494 -> 201478069
A495: Feb | B495: 4 SM | C495: LAT IO | D495: =214166666+0.666666666666667 -> 2.1416667e+08 | E495: ='Hitung Per Bulan'!I495 -> 193379527 | F495: =214166660+6.66666666666667 -> 2.1416667e+08 | G495: ='Hitung Per Bulan'!J495 -> 193379527
A496: Mar | B496: 4 SM | C496: LAT IO | D496: =214166666+0.666666666666667 -> 2.1416667e+08 | E496: ='Hitung Per Bulan'!I496 -> 174819946 | F496: =214166660+6.66666666666667 -> 2.1416667e+08 | G496: ='Hitung Per Bulan'!J496 -> 174819946
A497: Apr | B497: 4 SM | C497: LAT IO | D497: =214166666+0.666666666666667 -> 2.1416667e+08 | E497: ='Hitung Per Bulan'!I497 | F497: =214166660+6.66666666666667 -> 2.1416667e+08 | G497: ='Hitung Per Bulan'!J497
A498: Mei | B498: 4 SM | C498: LAT IO | D498: =214166666+0.666666666666667 -> 2.1416667e+08 | E498: ='Hitung Per Bulan'!I498 | F498: =214166660+6.66666666666667 -> 2.1416667e+08 | G498: ='Hitung Per Bulan'!J498
A499: Jun | B499: 4 SM | C499: LAT IO | D499: =214166666+0.666666666666667 -> 2.1416667e+08 | E499: ='Hitung Per Bulan'!I499 | F499: =214166660+6.66666666666667 -> 2.1416667e+08 | G499: ='Hitung Per Bulan'!J499
A500: Jul | B500: 4 SM | C500: LAT IO | D500: =214166666+0.666666666666667 -> 2.1416667e+08 | E500: ='Hitung Per Bulan'!I500 | F500: =214166660+6.66666666666667 -> 2.1416667e+08 | G500: ='Hitung Per Bulan'!J500
A501: Agt | B501: 4 SM | C501: LAT IO | D501: =214166666+0.666666666666667 -> 2.1416667e+08 | E501: ='Hitung Per Bulan'!I501 | F501: =214166660+6.66666666666667 -> 2.1416667e+08 | G501: ='Hitung Per Bulan'!J501
A502: Sep | B502: 4 SM | C502: LAT IO | D502: =214166666+0.666666666666667 -> 2.1416667e+08 | E502: ='Hitung Per Bulan'!I502 | F502: =214166660+6.66666666666667 -> 2.1416667e+08 | G502: ='Hitung Per Bulan'!J502
A503: Okt | B503: 4 SM | C503: LAT IO | D503: =214166666+0.666666666666667 -> 2.1416667e+08 | E503: ='Hitung Per Bulan'!I503 | F503: =214166660+6.66666666666667 -> 2.1416667e+08 | G503: ='Hitung Per Bulan'!J503
A504: Nov | B504: 4 SM | C504: LAT IO | D504: =214166666+0.666666666666667 -> 2.1416667e+08 | E504: ='Hitung Per Bulan'!I504 | F504: =214166660+6.66666666666667 -> 2.1416667e+08 | G504: ='Hitung Per Bulan'!J504
A505: Des | B505: 4 SM | C505: LAT IO | D505: =214166666+0.666666666666667 -> 2.1416667e+08 | E505: ='Hitung Per Bulan'!I505 | F505: =214166660+6.66666666666667 -> 2.1416667e+08 | G505: ='Hitung Per Bulan'!J505
A506: Jan | B506: 5 PWT | C506: Perawatan BMN | D506: 90000000 | E506: ='Hitung Per Bulan'!I506 -> 218226790 | F506: 0 | G506: ='Hitung Per Bulan'!J506 -> 0
A507: Feb | B507: 5 PWT | C507: Perawatan BMN | D507: 2756633000 | E507: ='Hitung Per Bulan'!I507 -> 2975215110 | F507: 90000000 | G507: ='Hitung Per Bulan'!J507 -> 258244550
A508: Mar | B508: 5 PWT | C508: Perawatan BMN | D508: 10272212000 | E508: ='Hitung Per Bulan'!I508 -> 10257377055 | F508: 66667000 | G508: ='Hitung Per Bulan'!J508 -> 79211000
A509: Apr | B509: 5 PWT | C509: Perawatan BMN | D509: 1843977000 | E509: ='Hitung Per Bulan'!I509 | F509: 687000000 | G509: ='Hitung Per Bulan'!J509
A510: Mei | B510: 5 PWT | C510: Perawatan BMN | D510: 635000000 | E510: ='Hitung Per Bulan'!I510 | F510: 1127667000 | G510: ='Hitung Per Bulan'!J510
A511: Jun | B511: 5 PWT | C511: Perawatan BMN | D511: 1030408000 | E511: ='Hitung Per Bulan'!I511 | F511: 2050710000 | G511: ='Hitung Per Bulan'!J511
A512: Jul | B512: 5 PWT | C512: Perawatan BMN | D512: 621650000 | E512: ='Hitung Per Bulan'!I512 | F512: 3754636000 | G512: ='Hitung Per Bulan'!J512
A513: Agt | B513: 5 PWT | C513: Perawatan BMN | D513: 2136262000 | E513: ='Hitung Per Bulan'!I513 | F513: 1016136000 | G513: ='Hitung Per Bulan'!J513
A514: Sep | B514: 5 PWT | C514: Perawatan BMN | D514: 275000000 | E514: ='Hitung Per Bulan'!I514 | F514: 3410123000 | G514: ='Hitung Per Bulan'!J514
A515: Okt | B515: 5 PWT | C515: Perawatan BMN | D515: 134561000 | E515: ='Hitung Per Bulan'!I515 | F515: 1952489000 | G515: ='Hitung Per Bulan'!J515
A516: Nov | B516: 5 PWT | C516: Perawatan BMN | D516: 224998000 | E516: ='Hitung Per Bulan'!I516 | F516: 5640275000 | G516: ='Hitung Per Bulan'!J516
A517: Des | B517: 5 PWT | C517: Perawatan BMN | D517: 66667000 | E517: ='Hitung Per Bulan'!I517 | F517: 291665000 | G517: ='Hitung Per Bulan'!J517
... A1261: Des | B1261: IV TNK | C1261: LAT IO | D1261: 128279000 | E1261: ='Hitung Per Bulan'!I1261 | F1261: 256555000 | G1261: ='Hitung Per Bulan'!J1261

Sheet Hitung Per Bulan
A1: Bulan | B1: Wilayah | C1: PosAnggaran | D1: ProgramConsumed | E1: RealisasiConsumed | F1: ProgramActual | G1: RealisasiActual | I1: RealisasiConsumed | J1: RealisasiActual | L1: Kum Consumed | M1: Kum Actual
A2: Jan | B2: Kantor Pusat | C2: Perawatan BMN | D2: 100000000 | E2: 84845467162 | F2: 50000000 | G2: 0 | I2: =IF(L2="","",L2) -> 84845467162 | J2: =IF(M2="","",M2) -> 0 | L2: 84845467162 | M2: 0
A3: Feb | B3: Kantor Pusat | C3: Perawatan BMN | D3: 23567624816 | E3: 59570632314 | F3: 50000000 | G3: 0 | I3: =IF(L3="","",L3-L2) -> 59570632314 | J3: =IF(M3="","",M3-M2) -> 0 | L3: 144416099476 | M3: 0
A4: Mar | B4: Kantor Pusat | C4: Perawatan BMN | D4: 227166881580 | E4: 46052581309 | F4: 34189485820 | G4: 34085923118 | I4: =IF(L4="","",L4-L3) -> 144879653762 | J4: =IF(M4="","",M4-M3) -> 48109844280 | L4: =SUMIFS(Pivot_!C:C,Pivot_!A:A,'Hitung Per Bulan'!B4,Pivot_!B:B,'Hitung Per Bulan'!C4) -> 289295753238 | M4: =SUMIFS(Pivot_!D:D,Pivot_!A:A,'Hitung Per Bulan'!B4,Pivot_!B:B,'Hitung Per Bulan'!C4) -> 48109844280
A5: Apr | B5: Kantor Pusat | C5: Perawatan BMN | D5: 59269584722 | F5: 150000000 | I5: =IF(L5="","",L5-L4) | J5: =IF(M5="","",M5-M4)
A6: Mei | B6: Kantor Pusat | C6: Perawatan BMN | D6: 2449082158 | F6: 270862500 | I6: =IF(L6="","",L6-L5) | J6: =IF(M6="","",M6-M5)
A7: Jun | B7: Kantor Pusat | C7: Perawatan BMN | D7: 4232140778 | F7: 1144232361 | I7: =IF(L7="","",L7-L6) | J7: =IF(M7="","",M7-M6)
A8: Jul | B8: Kantor Pusat | C8: Perawatan BMN | D8: 150000000 | F8: 12808685000 | I8: =IF(L8="","",L8-L7) | J8: =IF(M8="","",M8-M7)
A9: Agt | B9: Kantor Pusat | C9: Perawatan BMN | D9: 150000000 | F9: 30371398896 | I9: =IF(L9="","",L9-L8) | J9: =IF(M9="","",M9-M8)
A10: Sep | B10: Kantor Pusat | C10: Perawatan BMN | D10: 150000000 | F10: 32919933000 | I10: =IF(L10="","",L10-L9) | J10: =IF(M10="","",M10-M9)
A11: Okt | B11: Kantor Pusat | C11: Perawatan BMN | D11: 150000000 | F11: 61587805112 | I11: =IF(L11="","",L11-L10) | J11: =IF(M11="","",M11-M10)
A12: Nov | B12: Kantor Pusat | C12: Perawatan BMN | D12: 122077000 | F12: 35148562865 | I12: =IF(L12="","",L12-L11) | J12: =IF(M12="","",M12-M11)
A13: Des | B13: Kantor Pusat | C13: Perawatan BMN | D13: 55000000 | F13: 108871425778 | I13: =IF(L13="","",L13-L12) | J13: =IF(M13="","",M13-M12)
A14: Jan | B14: Kantor Pusat | C14: Perawatan KAI | D14: 0 | E14: 0 | F14: 0 | G14: 0 | I14: =IF(L14="","",L14) -> 0 | J14: =IF(M14="","",M14) -> 0 | L14: 0 | M14: 0
A15: Feb | B15: Kantor Pusat | C15: Perawatan KAI | D15: 0 | E15: 0 | F15: 0 | G15: 0 | I15: =IF(L15="","",L15-L14) -> 0 | J15: =IF(M15="","",M15-M14) -> 0 | L15: 0 | M15: 0
A16: Mar | B16: Kantor Pusat | C16: Perawatan KAI | D16: 0 | E16: 0 | F16: 0 | G16: 0 | I16: =IF(L16="","",L16-L15) -> 0 | J16: =IF(M16="","",M16-M15) -> 0 | L16: =SUMIFS(Pivot_!C:C,Pivot_!A:A,'Hitung Per Bulan'!B16,Pivot_!B:B,'Hitung Per Bulan'!C16) -> 0 | M16: =SUMIFS(Pivot_!D:D,Pivot_!A:A,'Hitung Per Bulan'!B16,Pivot_!B:B,'Hitung Per Bulan'!C16) -> 0
A17: Apr | B17: Kantor Pusat | C17: Perawatan KAI | D17: 0 | F17: 0 | I17: =IF(L17="","",L17-L16) | J17: =IF(M17="","",M17-M16)
A18: Mei | B18: Kantor Pusat | C18: Perawatan KAI | D18: 0 | F18: 0 | I18: =IF(L18="","",L18-L17) | J18: =IF(M18="","",M18-M17)
A19: Jun | B19: Kantor Pusat | C19: Perawatan KAI | D19: 0 | F19: 0 | I19: =IF(L19="","",L19-L18) | J19: =IF(M19="","",M19-M18)
A20: Jul | B20: Kantor Pusat | C20: Perawatan KAI | D20: 0 | F20: 0 | I20: =IF(L20="","",L20-L19) | J20: =IF(M20="","",M20-M19)
A21: Agt | B21: Kantor Pusat | C21: Perawatan KAI | D21: 0 | F21: 0 | I21: =IF(L21="","",L21-L20) | J21: =IF(M21="","",M21-M20)
A22: Sep | B22: Kantor Pusat | C22: Perawatan KAI | D22: 0 | F22: 0 | I22: =IF(L22="","",L22-L21) | J22: =IF(M22="","",M22-M21)
A23: Okt | B23: Kantor Pusat | C23: Perawatan KAI | D23: 0 | F23: 0 | I23: =IF(L23="","",L23-L22) | J23: =IF(M23="","",M23-M22)
A24: Nov | B24: Kantor Pusat | C24: Perawatan KAI | D24: 0 | F24: 0 | I24: =IF(L24="","",L24-L23) | J24: =IF(M24="","",M24-M23)
A25: Des | B25: Kantor Pusat | C25: Perawatan KAI | D25: 0 | F25: 0 | I25: =IF(L25="","",L25-L24) | J25: =IF(M25="","",M25-M24)
A26: Jan | B26: Kantor Pusat | C26: BBM Mekanik | D26: 0 | E26: 0 | F26: 0 | G26: 0 | I26: =IF(L26="","",L26) -> 0 | J26: =IF(M26="","",M26) -> 0 | L26: 0 | M26: 0
A27: Feb | B27: Kantor Pusat | C27: BBM Mekanik | D27: 0 | E27: 0 | F27: 0 | G27: 0 | I27: =IF(L27="","",L27-L26) -> 0 | J27: =IF(M27="","",M27-M26) -> 0 | L27: 0 | M27: 0
A28: Mar | B28: Kantor Pusat | C28: BBM Mekanik | D28: 0 | E28: 0 | F28: 0 | G28: 0 | I28: =IF(L28="","",L28-L27) -> 0 | J28: =IF(M28="","",M28-M27) -> 0 | L28: =SUMIFS(Pivot_!C:C,Pivot_!A:A,'Hitung Per Bulan'!B28,Pivot_!B:B,'Hitung Per Bulan'!C28) -> 0 | M28: =SUMIFS(Pivot_!D:D,Pivot_!A:A,'Hitung Per Bulan'!B28,Pivot_!B:B,'Hitung Per Bulan'!C28) -> 0
A29: Apr | B29: Kantor Pusat | C29: BBM Mekanik | D29: 0 | F29: 0 | I29: =IF(L29="","",L29-L28) | J29: =IF(M29="","",M29-M28)
A30: Mei | B30: Kantor Pusat | C30: BBM Mekanik | D30: 0 | F30: 0 | I30: =IF(L30="","",L30-L29) | J30: =IF(M30="","",M30-M29)
A31: Jun | B31: Kantor Pusat | C31: BBM Mekanik | D31: 0 | F31: 0 | I31: =IF(L31="","",L31-L30) | J31: =IF(M31="","",M31-M30)
A32: Jul | B32: Kantor Pusat | C32: BBM Mekanik | D32: 0 | F32: 0 | I32: =IF(L32="","",L32-L31) | J32: =IF(M32="","",M32-M31)
A33: Agt | B33: Kantor Pusat | C33: BBM Mekanik | D33: 0 | F33: 0 | I33: =IF(L33="","",L33-L32) | J33: =IF(M33="","",M33-M32)
A34: Sep | B34: Kantor Pusat | C34: BBM Mekanik | D34: 0 | F34: 0 | I34: =IF(L34="","",L34-L33) | J34: =IF(M34="","",M34-M33)
A35: Okt | B35: Kantor Pusat | C35: BBM Mekanik | D35: 0 | F35: 0 | I35: =IF(L35="","",L35-L34) | J35: =IF(M35="","",M35-M34)
A36: Nov | B36: Kantor Pusat | C36: BBM Mekanik | D36: 0 | F36: 0 | I36: =IF(L36="","",L36-L35) | J36: =IF(M36="","",M36-M35)
A37: Des | B37: Kantor Pusat | C37: BBM Mekanik | D37: 0 | F37: 0 | I37: =IF(L37="","",L37-L36) | J37: =IF(M37="","",M37-M36)
A38: Jan | B38: Kantor Pusat | C38: Peralatan Khusus KAI | D38: 0 | E38: 0 | F38: 0 | G38: 0 | I38: =IF(L38="","",L38) -> 0 | J38: =IF(M38="","",M38) -> 0 | L38: 0 | M38: 0
A39: Feb | B39: Kantor Pusat | C39: Peralatan Khusus KAI | D39: 0 | E39: 0 | F39: 0 | G39: 0 | I39: =IF(L39="","",L39-L38) -> 0 | J39: =IF(M39="","",M39-M38) -> 0 | L39: 0 | M39: 0
A40: Mar | B40: Kantor Pusat | C40: Peralatan Khusus KAI | D40: 0 | E40: 0 | F40: 0 | G40: 0 | I40: =IF(L40="","",L40-L39) -> 42457000 | J40: =IF(M40="","",M40-M39) -> 0 | L40: =SUMIFS(Pivot_!C:C,Pivot_!A:A,'Hitung Per Bulan'!B40,Pivot_!B:B,'Hitung Per Bulan'!C40) -> 42457000 | M40: =SUMIFS(Pivot_!D:D,Pivot_!A:A,'Hitung Per Bulan'!B40,Pivot_!B:B,'Hitung Per Bulan'!C40) -> 0
A41: Apr | B41: Kantor Pusat | C41: Peralatan Khusus KAI | D41: 0 | F41: 0 | I41: =IF(L41="","",L41-L40) | J41: =IF(M41="","",M41-M40)
A42: Mei | B42: Kantor Pusat | C42: Peralatan Khusus KAI | D42: 0 | F42: 0 | I42: =IF(L42="","",L42-L41) | J42: =IF(M42="","",M42-M41)
A43: Jun | B43: Kantor Pusat | C43: Peralatan Khusus KAI | D43: 1600000000 | F43: 0 | I43: =IF(L43="","",L43-L42) | J43: =IF(M43="","",M43-M42)
A44: Jul | B44: Kantor Pusat | C44: Peralatan Khusus KAI | D44: 0 | F44: 0 | I44: =IF(L44="","",L44-L43) | J44: =IF(M44="","",M44-M43)
A45: Agt | B45: Kantor Pusat | C45: Peralatan Khusus KAI | D45: 0 | F45: 1600000000 | I45: =IF(L45="","",L45-L44) | J45: =IF(M45="","",M45-M44)
A46: Sep | B46: Kantor Pusat | C46: Peralatan Khusus KAI | D46: 0 | F46: 0 | I46: =IF(L46="","",L46-L45) | J46: =IF(M46="","",M46-M45)
A47: Okt | B47: Kantor Pusat | C47: Peralatan Khusus KAI | D47: 0 | F47: 0 | I47: =IF(L47="","",L47-L46) | J47: =IF(M47="","",M47-M46)
A48: Nov | B48: Kantor Pusat | C48: Peralatan Khusus KAI | D48: 0 | F48: 0 | I48: =IF(L48="","",L48-L47) | J48: =IF(M48="","",M48-M47)
A49: Des | B49: Kantor Pusat | C49: Peralatan Khusus KAI | D49: 0 | F49: 0 | I49: =IF(L49="","",L49-L48) | J49: =IF(M49="","",M49-M48)
A50: Jan | B50: Kantor Pusat | C50: BUTAP BMN | D50: 0 | E50: 0 | F50: 0 | G50: 0 | I50: =IF(L50="","",L50) -> 0 | J50: =IF(M50="","",M50) -> 0 | L50: 0 | M50: 0
A51: Feb | B51: Kantor Pusat | C51: BUTAP BMN | D51: 0 | E51: 20986164 | F51: 0 | G51: 0 | I51: =IF(L51="","",L51-L50) -> 20986164 | J51: =IF(M51="","",M51-M50) -> 0 | L51: 20986164 | M51: 0
A52: Mar | B52: Kantor Pusat | C52: BUTAP BMN | D52: 0 | E52: 0 | F52: 0 | G52: 0 | I52: =IF(L52="","",L52-L51) -> 0 | J52: =IF(M52="","",M52-M51) -> 0 | L52: =SUMIFS(Pivot_!C:C,Pivot_!A:A,'Hitung Per Bulan'!B52,Pivot_!B:B,'Hitung Per Bulan'!C52) -> 20986164 | M52: =SUMIFS(Pivot_!D:D,Pivot_!A:A,'Hitung Per Bulan'!B52,Pivot_!B:B,'Hitung Per Bulan'!C52) -> 0
A53: Apr | B53: Kantor Pusat | C53: BUTAP BMN | D53: 0 | F53: 0 | I53: =IF(L53="","",L53-L52) | J53: =IF(M53="","",M53-M52)
A54: Mei | B54: Kantor Pusat | C54: BUTAP BMN | D54: 500000000 | F54: 0 | I54: =IF(L54="","",L54-L53) | J54: =IF(M54="","",M54-M53)
A55: Jun | B55: Kantor Pusat | C55: BUTAP BMN | D55: 0 | F55: 0 | I55: =IF(L55="","",L55-L54) | J55: =IF(M55="","",M55-M54)
A56: Jul | B56: Kantor Pusat | C56: BUTAP BMN | D56: 0 | F56: 500000000 | I56: =IF(L56="","",L56-L55) | J56: =IF(M56="","",M56-M55)
A57: Agt | B57: Kantor Pusat | C57: BUTAP BMN | D57: 0 | F57: 0 | I57: =IF(L57="","",L57-L56) | J57: =IF(M57="","",M57-M56)
A58: Sep | B58: Kantor Pusat | C58: BUTAP BMN | D58: 0 | F58: 0 | I58: =IF(L58="","",L58-L57) | J58: =IF(M58="","",M58-M57)
A59: Okt | B59: Kantor Pusat | C59: BUTAP BMN | D59: 0 | F59: 0 | I59: =IF(L59="","",L59-L58) | J59: =IF(M59="","",M59-M58)
A60: Nov | B60: Kantor Pusat | C60: BUTAP BMN | D60: 0 | F60: 0 | I60: =IF(L60="","",L60-L59) | J60: =IF(M60="","",M60-M59)
A61: Des | B61: Kantor Pusat | C61: BUTAP BMN | D61: 0 | F61: 0 | I61: =IF(L61="","",L61-L60) | J61: =IF(M61="","",M61-M60)
A62: Jan | B62: Kantor Pusat | C62: BUTAP KAI | D62: 163000000 | E62: 186171889 | F62: 113000000 | G62: 121841700 | I62: =IF(L62="","",L62) -> 186171889 | J62: =IF(M62="","",M62) -> 121841700 | L62: 186171889 | M62: 121841700
A63: Feb | B63: Kantor Pusat | C63: BUTAP KAI | D63: 243000000 | E63: 171284525 | F63: 243000000 | G63: 143833500 | I63: =IF(L63="","",L63-L62) -> 171284525 | J63: =IF(M63="","",M63-M62) -> 143833500 | L63: 357456414 | M63: 265675200
A64: Mar | B64: Kantor Pusat | C64: BUTAP KAI | D64: 443000000 | E64: 17675000 | F64: 243000000 | G64: 17675000 | I64: =IF(L64="","",L64-L63) -> 61678750 | J64: =IF(M64="","",M64-M63) -> 62518750 | L64: =SUMIFS(Pivot_!C:C,Pivot_!A:A,'Hitung Per Bulan'!B64,Pivot_!B:B,'Hitung Per Bulan'!C64) -> 419135164 | M64: =SUMIFS(Pivot_!D:D,Pivot_!A:A,'Hitung Per Bulan'!B64,Pivot_!B:B,'Hitung Per Bulan'!C64) -> 328193950
A65: Apr | B65: Kantor Pusat | C65: BUTAP KAI | D65: 2493000000 | F65: 1243000000 | I65: =IF(L65="","",L65-L64) | J65: =IF(M65="","",M65-M64)
A66: Mei | B66: Kantor Pusat | C66: BUTAP KAI | D66: 593000000 | F66: 2093000000 | I66: =IF(L66="","",L66-L65) | J66: =IF(M66="","",M66-M65)
A67: Jun | B67: Kantor Pusat | C67: BUTAP KAI | D67: 1513000000 | F67: 1043000000 | I67: =IF(L67="","",L67-L66) | J67: =IF(M67="","",M67-M66)
A68: Jul | B68: Kantor Pusat | C68: BUTAP KAI | D68: 943000000 | F68: 963000000 | I68: =IF(L68="","",L68-L67) | J68: =IF(M68="","",M68-M67)
A69: Agt | B69: Kantor Pusat | C69: BUTAP KAI | D69: 543000000 | F69: 443000000 | I69: =IF(L69="","",L69-L68) | J69: =IF(M69="","",M69-M68)
A70: Sep | B70: Kantor Pusat | C70: BUTAP KAI | D70: 293000000 | F70: 493000000 | I70: =IF(L70="","",L70-L69) | J70: =IF(M70="","",M70-M69)
A71: Okt | B71: Kantor Pusat | C71: BUTAP KAI | D71: 413000000 | F71: 663000000 | I71: =IF(L71="","",L71-L70) | J71: =IF(M71="","",M71-M70)
A72: Nov | B72: Kantor Pusat | C72: BUTAP KAI | D72: 193000000 | F72: 293000000 | I72: =IF(L72="","",L72-L71) | J72: =IF(M72="","",M72-M71)
A73: Des | B73: Kantor Pusat | C73: BUTAP KAI | D73: 113000000 | F73: 113000000 | I73: =IF(L73="","",L73-L72) | J73: =IF(M73="","",M73-M72)
A74: Jan | B74: Kantor Pusat | C74: LAT IO | D74: 310000000 | E74: 275097724 | F74: 310000000 | G74: 275097724 | I74: =IF(L74="","",L74) -> 275097724 | J74: =IF(M74="","",M74) -> 275097724 | L74: 275097724 | M74: 275097724
A75: Feb | B75: Kantor Pusat | C75: LAT IO | D75: 310000000 | E75: 626594334 | F75: 310000000 | G75: 626594334 | I75: =IF(L75="","",L75-L74) -> 626594334 | J75: =IF(M75="","",M75-M74) -> 626594334 | L75: 901692058 | M75: 901692058
A76: Mar | B76: Kantor Pusat | C76: LAT IO | D76: 310000000 | E76: 222548548 | F76: 310000000 | G76: 0 | I76: =IF(L76="","",L76-L75) -> 66225547 | J76: =IF(M76="","",M76-M75) -> 66225547 | L76: =SUMIFS(Pivot_!C:C,Pivot_!A:A,'Hitung Per Bulan'!B76,Pivot_!B:B,'Hitung Per Bulan'!C76) -> 967917605 | M76: =SUMIFS(Pivot_!D:D,Pivot_!A:A,'Hitung Per Bulan'!B76,Pivot_!B:B,'Hitung Per Bulan'!C76) -> 967917605
A77: Apr | B77: Kantor Pusat | C77: LAT IO | D77: 420000000 | F77: 420000000 | I77: =IF(L77="","",L77-L76) | J77: =IF(M77="","",M77-M76)
A78: Mei | B78: Kantor Pusat | C78: LAT IO | D78: 420000000 | F78: 420000000 | I78: =IF(L78="","",L78-L77) | J78: =IF(M78="","",M78-M77)
A79: Jun | B79: Kantor Pusat | C79: LAT IO | D79: 420000000 | F79: 420000000 | I79: =IF(L79="","",L79-L78) | J79: =IF(M79="","",M79-M78)
A80: Jul | B80: Kantor Pusat | C80: LAT IO | D80: 420000000 | F80: 420000000 | I80: =IF(L80="","",L80-L79) | J80: =IF(M80="","",M80-M79)
A81: Agt | B81: Kantor Pusat | C81: LAT IO | D81: 370000000 | F81: 370000000 | I81: =IF(L81="","",L81-L80) | J81: =IF(M81="","",M81-M80)
A82: Sep | B82: Kantor Pusat | C82: LAT IO | D82: 400000000 | F82: 400000000 | I82: =IF(L82="","",L82-L81) | J82: =IF(M82="","",M82-M81)
A83: Okt | B83: Kantor Pusat | C83: LAT IO | D83: 400000000 | F83: 400000000 | I83: =IF(L83="","",L83-L82) | J83: =IF(M83="","",M83-M82)
A84: Nov | B84: Kantor Pusat | C84: LAT IO | D84: 400000000 | F84: 400000000 | I84: =IF(L84="","",L84-L83) | J84: =IF(M84="","",M84-M83)
A85: Des | B85: Kantor Pusat | C85: LAT IO | D85: 320000000 | F85: 320000000 | I85: =IF(L85="","",L85-L84) | J85: =IF(M85="","",M85-M84)
A86: Jan | B86: 1 JAK | C86: Perawatan BMN | D86: 4665461000 | E86: 6757574628 | F86: 0 | G86: 0 | I86: =IF(L86="","",L86) -> 6757574628 | J86: =IF(M86="","",M86) -> 0 | L86: 6757574628 | M86: 0
A87: Feb | B87: 1 JAK | C87: Perawatan BMN | D87: 11366334000 | E87: 10678407138 | F87: 25000000 | G87: 0 | I87: =IF(L87="","",L87-L86) -> 10678407138 | J87: =IF(M87="","",M87-M86) -> 0 | L87: 17435981766 | M87: 0
A88: Mar | B88: 1 JAK | C88: Perawatan BMN | D88: 2740514000 | E88: 2389907781 | F88: 190000000 | G88: 89970000 | I88: =IF(L88="","",L88-L87) -> 3830357281 | J88: =IF(M88="","",M88-M87) -> 704063152 | L88: =SUMIFS(Pivot_!C:C,Pivot_!A:A,'Hitung Per Bulan'!B88,Pivot_!B:B,'Hitung Per Bulan'!C88) -> 21266339047 | M88: =SUMIFS(Pivot_!D:D,Pivot_!A:A,'Hitung Per Bulan'!B88,Pivot_!B:B,'Hitung Per Bulan'!C88) -> 704063152
A89: Apr | B89: 1 JAK | C89: Perawatan BMN | D89: 6894664000 | F89: 395000000 | I89: =IF(L89="","",L89-L88) | J89: =IF(M89="","",M89-M88)
A90: Mei | B90: 1 JAK | C90: Perawatan BMN | D90: 8472689000 | F90: 265000000 | I90: =IF(L90="","",L90-L89) | J90: =IF(M90="","",M90-M89)
A91: Jun | B91: 1 JAK | C91: Perawatan BMN | D91: 4435000000 | F91: 522951000 | I91: =IF(L91="","",L91-L90) | J91: =IF(M91="","",M91-M90)
A92: Jul | B92: 1 JAK | C92: Perawatan BMN | D92: 4737908000 | F92: 715000000 | I92: =IF(L92="","",L92-L91) | J92: =IF(M92="","",M92-M91)
A93: Agt | B93: 1 JAK | C93: Perawatan BMN | D93: 3937205000 | F93: 3151788000 | I93: =IF(L93="","",L93-L92) | J93: =IF(M93="","",M93-M92)
A94: Sep | B94: 1 JAK | C94: Perawatan BMN | D94: 2045000000 | F94: 2748727000 | I94: =IF(L94="","",L94-L93) | J94: =IF(M94="","",M94-M93)
A95: Okt | B95: 1 JAK | C95: Perawatan BMN | D95: 315000000 | F95: 5334544000 | I95: =IF(L95="","",L95-L94) | J95: =IF(M95="","",M95-M94)
A96: Nov | B96: 1 JAK | C96: Perawatan BMN | D96: 520000000 | F96: 17620156000 | I96: =IF(L96="","",L96-L95) | J96: =IF(M96="","",M96-M95)
A97: Des | B97: 1 JAK | C97: Perawatan BMN | D97: 125000000 | F97: 19286609000 | I97: =IF(L97="","",L97-L96) | J97: =IF(M97="","",M97-M96)
A98: Jan | B98: 1 JAK | C98: Perawatan KAI | D98: 35000000 | E98: 34500000 | F98: 0 | G98: 0 | I98: =IF(L98="","",L98) -> 34500000 | J98: =IF(M98="","",M98) -> 0 | L98: 34500000 | M98: 0
A99: Feb | B99: 1 JAK | C99: Perawatan KAI | D99: 635000000 | E99: 113020000 | F99: 35000000 | G99: 34500000 | I99: =IF(L99="","",L99-L98) -> 113020000 | J99: =IF(M99="","",M99-M98) -> 34500000 | L99: 147520000 | M99: 34500000
A100: Mar | B100: 1 JAK | C100: Perawatan KAI | D100: 85000000 | E100: 34500000 | F100: 135000000 | G100: 0 | I100: =IF(L100="","",L100-L99) -> 383400000 | J100: =IF(M100="","",M100-M99) -> 34500000 | L100: =SUMIFS(Pivot_!C:C,Pivot_!A:A,'Hitung Per Bulan'!B100,Pivot_!B:B,'Hitung Per Bulan'!C100) -> 530920000 | M100: =SUMIFS(Pivot_!D:D,Pivot_!A:A,'Hitung Per Bulan'!B100,Pivot_!B:B,'Hitung Per Bulan'!C100) -> 69000000
...

Sheet Pivot
B2: Row Labels | C2: Consumed | D2: Actual | E2: Sum of Selisih | G2: RKAO Disetujui | I2: Selisih (RKAO - Actual)
B3: 1 JAK | C3: 63265781000 | D3: 63265781000 | E3: 0 | G3: =SUM(G4:G10) -> 63265782000 | I3: =G3-D3 -> 1000
B4: BBM Mekanik | C4: 180000000 | D4: 180000000 | E4: 0 | G4: 180000000 | I4: =G4-D4 -> 0
B5: BUTAP BMN | C5: 0 | D5: 0 | E5: 0 | G5: 0 | I5: =G5-D5 -> 0
B6: BUTAP KAI | C6: 2561006000 | D6: 2561006000 | E6: 0 | G6: 2561006000 | I6: =G6-D6 -> 0
B7: LAT IO | C7: 3500000000 | D7: 3500000000 | E7: 0 | G7: 3500000000 | I7: =G7-D7 -> 0
B8: Peralatan Khusus KAI | C8: 400000000 | D8: 400000000 | E8: 0 | G8: 400000000 | I8: =G8-D8 -> 0
B9: Perawatan BMN | C9: 50254775000 | D9: 50254775000 | E9: 0 | G9: 50254776000 | I9: =G9-D9 -> 1000
B10: Perawatan KAI | C10: 6370000000 | D10: 6370000000 | E10: 0 | G10: 6370000000 | I10: =G10-D10 -> 0
B11: 1 JAK (LAA) | C11: 47253818337 | D11: 47253818000 | E11: -337 | G11: =SUM(G12:G18) -> 47253817201 | I11: =G11-D11 -> -799
B12: BBM Mekanik | C12: 0 | D12: 0 | E12: 0 | G12: 0 | I12: =G12-D12 -> 0
B13: BUTAP BMN | C13: 0 | D13: 0 | E13: 0 | G13: 0 | I13: =G13-D13 -> 0
B14: BUTAP KAI | C14: 1931870000 | D14: 1931870000 | E14: 0 | G14: 1931870000 | I14: =G14-D14 -> 0
B15: LAT IO | C15: 0 | D15: 0 | E15: 0 | G15: 0 | I15: =G15-D15 -> 0
B16: Peralatan Khusus KAI | C16: 200000000 | D16: 200000000 | E16: 0 | G16: 200000000 | I16: =G16-D16 -> 0
B17: Perawatan BMN | C17: 41949880337 | D17: 41949880000 | E17: -337 | G17: 41949878537 | I17: =G17-D17 -> -1463
B18: Perawatan KAI | C18: 3172068000 | D18: 3172068000 | E18: 0 | G18: 3172068664 | I18: =G18-D18 -> 664
B19: 2 BD | C19: 28292912000 | D19: 28292912000 | E19: 0 | G19: =SUM(G20:G26) -> 28292912000 | I19: =G19-D19 -> 0
B20: BBM Mekanik | C20: 118875000 | D20: 118875000 | E20: 0 | G20: 118875000 | I20: =G20-D20 -> 0
B21: BUTAP BMN | C21: 0 | E21: 0 | G21: 0 | I21: =G21-D21 -> 0
B22: BUTAP KAI | C22: 1162320000 | D22: 1162320000 | E22: 0 | G22: 1162320000 | I22: =G22-D22 -> 0
B23: LAT IO | C23: 2260000000 | D23: 2260000000 | E23: 0 | G23: 2260000000 | I23: =G23-D23 -> 0
B24: Peralatan Khusus KAI | C24: 705000000 | D24: 705000000 | E24: 0 | G24: 705000000 | I24: =G24-D24 -> 0
B25: Perawatan BMN | C25: 22542717000 | D25: 22542717000 | E25: 0 | G25: 22542717000 | I25: =G25-D25 -> 0
B26: Perawatan KAI | C26: 1504000000 | D26: 1504000000 | E26: 0 | G26: 1504000000 | I26: =G26-D26 -> 0
B27: 3 CN | C27: 26776307000 | D27: 26776307000 | E27: 0 | G27: =SUM(G28:G34) -> 26776308000 | I27: =G27-D27 -> 1000
B28: BBM Mekanik | C28: 90090000 | D28: 90090000 | E28: 0 | G28: 90090000 | I28: =G28-D28 -> 0
B29: BUTAP BMN | C29: 0 | D29: 0 | E29: 0 | G29: 0 | I29: =G29-D29 -> 0
B30: BUTAP KAI | C30: 1682602000 | D30: 1682602000 | E30: 0 | G30: 1682602000 | I30: =G30-D30 -> 0
B31: LAT IO | C31: 2501300000 | D31: 2501300000 | E31: 0 | G31: 2501300000 | I31: =G31-D31 -> 0
B32: Peralatan Khusus KAI | C32: 250000000 | D32: 250000000 | E32: 0 | G32: 250000000 | I32: =G32-D32 -> 0
B33: Perawatan BMN | C33: 20805475000 | D33: 20805475000 | E33: 0 | G33: 20805476000 | I33: =G33-D33 -> 1000
B34: Perawatan KAI | C34: 1446840000 | D34: 1446840000 | E34: 0 | G34: 1446840000 | I34: =G34-D34 -> 0
B35: 4 SM | C35: 22738648941 | D35: 22738649867 | E35: 926 | G35: =SUM(G36:G42) -> 22738650000 | I35: =G35-D35 -> 133
B36: BBM Mekanik | C36: 320100000 | D36: 320100000 | E36: 0 | G36: 320100000 | I36: =G36-D36 -> 0
B37: BUTAP BMN | C37: 0 | D37: 0 | E37: 0 | G37: 0 | I37: =G37-D37 -> 0
B38: BUTAP KAI | C38: 1684046000 | D38: 1684046000 | E38: 0 | G38: 1684046000 | I38: =G38-D38 -> 0
B39: LAT IO | C39: 2570000000 | D39: 2570000000 | E39: 0 | G39: 2570000000 | I39: =G39-D39 -> 0
B40: Peralatan Khusus KAI | C40: 150000000 | D40: 150000000 | E40: 0 | G40: 150000000 | I40: =G40-D40 -> 0
B41: Perawatan BMN | C41: 17365502941 | D41: 17365503867 | E41: 926 | G41: 17365504000 | I41: =G41-D41 -> 133
B42: Perawatan KAI | C42: 649000000 | D42: 649000000 | E42: 0 | G42: 649000000 | I42: =G42-D42 -> 0
B43: 5 PWT | C43: 27448857000 | D43: 27448857000 | E43: 0 | G43: =SUM(G44:G50) -> 27448857000 | I43: =G43-D43 -> 0
B44: BBM Mekanik | C44: 250000000 | D44: 250000000 | E44: 0 | G44: 250000000 | I44: =G44-D44 -> 0
B45: BUTAP BMN | C45: 0 | D45: 0 | E45: 0 | G45: 0 | I45: =G45-D45 -> 0
B46: BUTAP KAI | C46: 1.822913e+09 | D46: 1.822913e+09 | E46: 0 | G46: 1822913000 | I46: =G46-D46 -> 0
B47: LAT IO | C47: 3063576000 | D47: 3063576000 | E47: 0 | G47: 3063576000 | I47: =G47-D47 -> 0
B48: Peralatan Khusus KAI | C48: 1040000000 | D48: 1040000000 | E48: 0 | G48: 1040000000 | I48: =G48-D48 -> 0
B49: Perawatan BMN | C49: 20087368000 | D49: 20087368000 | E49: 0 | G49: 20087368000 | I49: =G49-D49 -> 0
B50: Perawatan KAI | C50: 1185000000 | D50: 1185000000 | E50: 0 | G50: 1185000000 | I50: =G50-D50 -> 0
B51: 6 YK | C51: 3.5394555e+10 | D51: 3.5394555e+10 | E51: 0 | G51: =SUM(G52:G58) -> 35394555000 | I51: =G51-D51 -> -333.33334
B52: BBM Mekanik | C52: 346378000 | D52: 346378000 | E52: 0 | G52: 346378000 | I52: =G52-D52 -> 0
B53: BUTAP BMN | C53: 0 | D53: 0 | E53: 0 | G53: 0 | I53: =G53-D53 -> 0
B54: BUTAP KAI | C54: 1882128000 | D54: 1882128000 | E54: 0 | G54: 1882128000 | I54: =G54-D54 -> 0
B55: LAT IO | C55: 2.1853603e+09 | D55: 2.1853603e+09 | E55: 0 | G55: 2185360000 | I55: =G55-D55 -> -333.33333
B56: Peralatan Khusus KAI | C56: 200000000 | D56: 200000000 | E56: 0 | G56: 200000000 | I56: =G56-D56 -> 0
B57: Perawatan BMN | C57: 28538689000 | D57: 28538689000 | E57: 0 | G57: 28538689000 | I57: =G57-D57 -> 0
B58: Perawatan KAI | C58: 2242000000 | D58: 2242000000 | E58: 0 | G58: 2242000000 | I58: =G58-D58 -> 0
B59: 7 MN | C59: 13759223000 | D59: 13759223000 | E59: 0 | G59: =SUM(G60:G66) -> 13759223000 | I59: =G59-D59 -> 0
B60: BBM Mekanik | C60: 111310000 | D60: 111310000 | E60: 0 | G60: 111310000 | I60: =G60-D60 -> 0
B61: BUTAP BMN | C61: 0 | D61: 0 | E61: 0 | G61: 0 | I61: =G61-D61 -> 0
B62: BUTAP KAI | C62: 1216858000 | D62: 1216858000 | E62: 0 | G62: 1216858000 | I62: =G62-D62 -> 0
B63: LAT IO | C63: 2310000000 | D63: 2310000000 | E63: 0 | G63: 2310000000 | I63: =G63-D63 -> 0
B64: Peralatan Khusus KAI | C64: 100000000 | D64: 100000000 | E64: 0 | G64: 100000000 | I64: =G64-D64 -> 0
B65: Perawatan BMN | C65: 9243055000 | D65: 9243055000 | E65: 0 | G65: 9243055000 | I65: =G65-D65 -> 0
B66: Perawatan KAI | C66: 778000000 | D66: 778000000 | E66: 0 | G66: 778000000 | I66: =G66-D66 -> 0
B67: 8 SB | C67: 33298005000 | D67: 33298005000 | E67: 0 | G67: =SUM(G68:G74) -> 33298000000 | I67: =G67-D67 -> -5000
B68: BBM Mekanik | C68: 141550000 | D68: 141550000 | E68: 0 | G68: 141550000 | I68: =G68-D68 -> 0
B69: BUTAP BMN | C69: 0 | D69: 0 | E69: 0 | G69: 0 | I69: =G69-D69 -> 0
B70: BUTAP KAI | C70: 1861257000 | D70: 1861257000 | E70: 0 | G70: 1861257000 | I70: =G70-D70 -> 0
B71: LAT IO | C71: 2911764000 | D71: 2911764000 | E71: 0 | G71: 2911760000 | I71: =G71-D71 -> -4000
B72: Peralatan Khusus KAI | C72: 200000000 | D72: 200000000 | E72: 0 | G72: 200000000 | I72: =G72-D72 -> 0
B73: Perawatan BMN | C73: 26583434000 | D73: 26583434000 | E73: 0 | G73: 26583433000 | I73: =G73-D73 -> -1000
B74: Perawatan KAI | C74: 1600000000 | D74: 1600000000 | E74: 0 | G74: 1600000000 | I74: =G74-D74 -> 0
B75: 9 JR | C75: 12904694000 | D75: 12904694000 | E75: 0 | G75: =SUM(G76:G82) -> 12904694000 | I75: =G75-D75 -> 0
B76: BBM Mekanik | C76: 99980000 | D76: 99980000 | E76: 0 | G76: 99980000 | I76: =G76-D76 -> 0
B77: BUTAP BMN | C77: 0 | D77: 0 | E77: 0 | G77: 0 | I77: =G77-D77 -> 0
B78: BUTAP KAI | C78: 960700000 | D78: 960700000 | E78: 0 | G78: 960700000 | I78: =G78-D78 -> 0
B79: LAT IO | C79: 411080000 | D79: 411080000 | E79: 0 | G79: 411080000 | I79: =G79-D79 -> 0
B80: Peralatan Khusus KAI | C80: 110000000 | D80: 110000000 | E80: 0 | G80: 110000000 | I80: =G80-D80 -> 0
B81: Perawatan BMN | C81: 11122934000 | D81: 11122934000 | E81: 0 | G81: 11122934000 | I81: =G81-D81 -> 0
B82: Perawatan KAI | C82: 200000000 | D82: 200000000 | E82: 0 | G82: 200000000 | I82: =G82-D82 -> 0
B83: I SU | C83: 14076601000 | D83: 14076601000 | E83: 0 | G83: =SUM(G84:G90) -> 14076601000 | I83: =G83-D83 -> 0
B84: BBM Mekanik | C84: 316800000 | D84: 316800000 | E84: 0 | G84: 316800000 | I84: =G84-D84 -> 0
B85: BUTAP BMN | C85: 0 | D85: 0 | E85: 0 | G85: 0 | I85: =G85-D85 -> 0
B86: BUTAP KAI | C86: 1.792231e+09 | D86: 1.792231e+09 | E86: 0 | G86: 1792231000 | I86: =G86-D86 -> 0
B87: LAT IO | C87: 2.23e+09 | D87: 2.23e+09 | E87: 0 | G87: 2230000000 | I87: =G87-D87 -> 0
B88: Peralatan Khusus KAI | C88: 250000000 | D88: 250000000 | E88: 0 | G88: 250000000 | I88: =G88-D88 -> 0
B89: Perawatan BMN | C89: 8737570000 | D89: 8737570000 | E89: 0 | G89: 8737570000 | I89: =G89-D89 -> 0
B90: Perawatan KAI | C90: 750000000 | D90: 750000000 | E90: 0 | G90: 750000000 | I90: =G90-D90 -> 0
B91: II PD | C91: 2349761000 | D91: 2349761000 | E91: 0 | G91: =SUM(G92:G98) -> 2349760730 | I91: =G91-D91 -> -270
B92: BBM Mekanik | C92: 45150000 | D92: 45150000 | E92: 0 | G92: 45150000 | I92: =G92-D92 -> 0
B93: BUTAP BMN | C93: 0 | D93: 0 | E93: 0 | G93: 0 | I93: =G93-D93 -> 0
B94: BUTAP KAI | C94: 372660000 | D94: 372660000 | E94: 0 | G94: 372660000 | I94: =G94-D94 -> 0
B95: LAT IO | C95: 0 | D95: 0 | E95: 0 | G95: 0 | I95: =G95-D95 -> 0
B96: Peralatan Khusus KAI | C96: 60000000 | D96: 60000000 | E96: 0 | G96: 60000000 | I96: =G96-D96 -> 0
B97: Perawatan BMN | C97: 1871951000 | D97: 1871951000 | E97: 0 | G97: 1871950730 | I97: =G97-D97 -> -270
B98: Perawatan KAI | C98: 0 | D98: 0 | E98: 0 | G98: 0 | I98: =G98-D98 -> 0
B99: III PG | C99: 35162678000 | D99: 35162678000 | E99: 0 | G99: =SUM(G100:G106) -> 35162678000 | I99: =G99-D99 -> 0
B100: BBM Mekanik | C100: 1016150000 | D100: 1016150000 | E100: 0 | G100: 1016150000 | I100: =G100-D100 -> 0
B101: BUTAP BMN | C101: 0 | D101: 0 | E101: 0 | G101: 0 | I101: =G101-D101 -> 0
...

Sheet ZFM01
A1: Funds Center/Commitment Item | B1: RKAP | C1: Release | D1: Comitment | E1: Actual | F1: Consumed | G1: Available | H1: NotRelease | I1: Daerah | J1: Jenis
A2: 1182000000 Persediaan Prasarana Perkeretaapian dan Umum | B2: 92766189536 | C2: 92766189536 | D2: 85954753160 | E2: 46437298 | F2: 86001190458 | G2: 6764999078 | H2: 0 | I2: KP | J2: Perawatan BMN
A3: 4211000000 Perawatan Bangunan Lainnya KAI | B3: 0 | C3: 0 | D3: 0 | E3: 0 | F3: 0 | G3: 0 | H3: 0 | I3: KP | J3: BUTAP KAI
A4: 4221421010 Peralatan Dalam Sinyal Elektrik BMN | B4: 57855713800 | C4: 57855713800 | D4: 52055713800 | E4: 5400000000 | F4: 57455713800 | G4: 400000000 | H4: 0 | I4: KP | J4: Perawatan BMN
A5: 4221422010 Peralatan Luar Sinyal Elektrik BMN | B5: 32816341758 | C5: 32816341758 | D5: 2662482200 | E5: 28199383820 | F5: 30861866020 | G5: 1954475738 | H5: 0 | I5: KP | J5: Perawatan BMN
A6: 4221423010 Peralatan Dalam Sinyal Mekanik BMN | B6: 2001312000 | C6: 2001312000 | D6: 2001312000 | E6: 0 | F6: 2001312000 | G6: 0 | H6: 0 | I6: KP | J6: Perawatan BMN
A7: 4221425010 Pengamanan Perlintasan Sebidang BMN | B7: 17448622000 | C7: 17448622000 | D7: 17448621050 | E7: 0 | F7: 17448621050 | G7: 950 | H7: 0 | I7: KP | J7: Perawatan BMN
A8: 4221426010 Pesawat Telepon BMN | B8: 3947046000 | C8: 3947046000 | D8: 3129065362 | E8: 0 | F8: 3129065362 | G8: 817980638 | H8: 0 | I8: KP | J8: Perawatan BMN
A9: 4221427010 Transmisi Komunikasi BMN | B9: 63547356665 | C9: 63547356665 | D9: 54626167394 | E9: 8154071362 | F9: 62780238756 | G9: 767117909 | H9: 0 | I9: KP | J9: Perawatan BMN
A10: 4221428010 Peralatan Pendukung Sintel BMN | B10: 1577077000 | C10: 1577077000 | D10: 67563765 | E10: 0 | F10: 67563765 | G10: 1509513235 | H10: 0 | I10: KP | J10: Perawatan BMN
A11: 4221429011 Beban Pemakaian Alat Kerja pendukung perawatan BMN | B11: 1010789797 | C11: 1010789797 | D11: 0 | E11: 0 | F11: 0 | G11: 1010789797 | H11: 0 | I11: KP | J11: Perawatan BMN
A12: 4221521010 Catu Daya LAA BMN | B12: 26083685696 | C12: 26083685696 | D12: 13509377389 | E12: 6309951800 | F12: 19819329189 | G12: 6264356507 | H12: 0 | I12: KP | J12: Perawatan BMN
A13: 4221522010 Tranmisi Tenaga LAA BMN | B13: 11951319669 | C13: 11951319669 | D13: 9730852838 | E13: 0 | F13: 9730852838 | G13: 2220466831 | H13: 0 | I13: KP | J13: Perawatan BMN
... A37: 5400000000 Penyusutan AT Lainnya (Fasilitas Umum) | B37: 0 | C37: 0 | D37: 0 | E37: 410815330 | F37: 410815330 | G37: -410815330 | H37: 0 | I37: KP | J37: -
A38: 10025000 Signalling, Telecomm & Electricity | B38: 362606000000 | C38: 360188000000 | D38: 241340000000 | E38: 56192569755 | F38: 297533000000 | G38: 62655275823 | H38: 2417500000 | I38: KP | J38: #N/A
A39: 1182000000 Persediaan Prasarana Perkeretaapian dan Umum | B39: 25194775704 | C39: 25194775704 | D39: 17081409964 | E39: 0 | F39: 17081409964 | G39: 8113365740 | H39: 0 | I39: 1 Jak STL | J39: Perawatan BMN
A40: 4123210010 Gaji &Tunjangan Pegawai Perawatan Sarana | B40: 17002987 | C40: 17002987 | D40: 0 | E40: 0 | F40: 0 | G40: 17002987 | H40: 0 | I40: 1 Jak STL | J40: -
A41: 4123240000 Lembur dan Perangsang Pegawai Perawatan Sarana | B41: 32320895 | C41: 32320895 | D41: 0 | E41: 0 | F41: 0 | G41: 32320895 | H41: 0 | I41: 1 Jak STL | J41: -
A42: 4123250000 Pakaian Dinas Pegawai Perawatan Sarana | B42: 550084 | C42: 550084 | D42: 0 | E42: 0 | F42: 0 | G42: 550084 | H42: 0 | I42: 1 Jak STL | J42: -
A43: 4221421010 Peralatan Dalam Sinyal Elektrik BMN | B43: 400000000 | C43: 400000000 | D43: 0 | E43: 0 | F43: 0 | G43: 400000000 | H43: 0 | I43: 1 Jak STL | J43: Perawatan BMN
A44: 4221422010 Peralatan Luar Sinyal Elektrik BMN | B44: 2000000000 | C44: 2000000000 | D44: 0 | E44: 0 | F44: 0 | G44: 2000000000 | H44: 0 | I44: 1 Jak STL | J44: Perawatan BMN
A45: 4221423010 Peralatan Dalam Sinyal Mekanik BMN | B45: 100000000 | C45: 100000000 | D45: 0 | E45: 0 | F45: 0 | G45: 100000000 | H45: 0 | I45: 1 Jak STL | J45: Perawatan BMN
A46: 4221424010 Peralatan Luar Sinyal Mekanik BMN | B46: 400000000 | C46: 400000000 | D46: 0 | E46: 0 | F46: 0 | G46: 400000000 | H46: 0 | I46: 1 Jak STL | J46: Perawatan BMN
A47: 4221425010 Pengamanan Perlintasan Sebidang BMN | B47: 1300000000 | C47: 1300000000 | D47: 463560600 | E47: 0 | F47: 463560600 | G47: 836439400 | H47: 0 | I47: 1 Jak STL | J47: Perawatan BMN
A48: 4221427010 Transmisi Komunikasi BMN | B48: 6000000000 | C48: 6000000000 | D48: 2487092234 | E48: 0 | F48: 2487092234 | G48: 3512907766 | H48: 0 | I48: 1 Jak STL | J48: Perawatan BMN
A49: 4221428010 Peralatan Pendukung Sintel BMN | B49: 4260000000 | C49: 4260000000 | D49: 480263597 | E49: 496793192 | F49: 977056789 | G49: 3282943211 | H49: 0 | I49: 1 Jak STL | J49: Perawatan BMN
A50: 4221428011 Bangunan Sintel BMN | B50: 1000000000 | C50: 1000000000 | D50: 0 | E50: 0 | F50: 0 | G50: 1000000000 | H50: 0 | I50: 1 Jak STL | J50: Perawatan BMN
... A77: 5140000000 Lembur dan Perangsang Pegawai Umum & Administrasi | B77: 0 | C77: 0 | D77: 0 | E77: 416016 | F77: 416016 | G77: -416016 | H77: 0 | I77: 1 Jak STL | J77: -
A78: 21022000 Sintelis | B78: 111569000000 | C78: 110898000000 | D78: 21437086131 | E78: 12533163050 | F78: 33970249181 | G78: 76927561010 | H78: 671501500 | I78: 1 Jak STL | J78: #N/A
A79: 1182000000 Persediaan Prasarana Perkeretaapian dan Umum | B79: 4044107500 | C79: 4044107500 | D79: 1518071200 | E79: 585361000 | F79: 2103432200 | G79: 1940675300 | H79: 0 | I79: 1 Jak LAA | J79: Perawatan BMN
A80: 4123110010 Gaji &Tunjangan Pegawai Operasi Sarana | B80: 0 | C80: 0 | D80: 0 | E80: -2900000 | F80: -2900000 | G80: 2900000 | H80: 0 | I80: 1 Jak LAA | J80: -
A81: 4221521010 Catu Daya LAA BMN | B81: 1657269514 | C81: 1657269514 | D81: 0 | E81: 125198600 | F81: 125198600 | G81: 1532070914 | H81: 0 | I81: 1 Jak LAA | J81: Perawatan BMN
A82: 4221522010 Tranmisi Tenaga LAA BMN | B82: 30639775739 | C82: 30639775739 | D82: 16588171728 | E82: 7766359971 | F82: 24354531699 | G82: 6285244040 | H82: 0 | I82: 1 Jak LAA | J82: Perawatan BMN
A83: 4221523010 Pengendalian Catu Daya LAA BMN | B83: 288221000 | C83: 288221000 | D83: 0 | E83: 0 | F83: 0 | G83: 288221000 | H83: 0 | I83: 1 Jak LAA | J83: Perawatan BMN
A84: 4221524010 Tanda Semboyan LAA BMN | B84: 593000000 | C84: 593000000 | D84: 0 | E84: 0 | F84: 0 | G84: 593000000 | H84: 0 | I84: 1 Jak LAA | J84: Perawatan BMN
A85: 4221525010 Bangunan LAA BMN | B85: 1210765056 | C85: 1210765056 | D85: 0 | E85: 104534440 | F85: 104534440 | G85: 1106230616 | H85: 0 | I85: 1 Jak LAA | J85: Perawatan BMN
A86: 4221526010 Sistim Proteksi LAA BMN | B86: 720219728 | C86: 720219728 | D86: 0 | E86: 396500562 | F86: 396500562 | G86: 323719166 | H86: 0 | I86: 1 Jak LAA | J86: Perawatan BMN
A87: 4221527010 Pendukung LAA BMN | B87: 2796520000 | C87: 2796520000 | D87: 564674777 | E87: 654736071 | F87: 1219410848 | G87: 1577109152 | H87: 0 | I87: 1 Jak LAA | J87: Perawatan BMN
A88: 4222521010 Catu Daya LAA KAI | B88: 231587382 | C88: 231587382 | D88: 0 | E88: 0 | F88: 0 | G88: 231587382 | H88: 0 | I88: 1 Jak LAA | J88: Perawatan KAI
A89: 4222522010 Tranmisi Tenaga LAA KAI | B89: 180831882 | C89: 180831882 | D89: 0 | E89: 0 | F89: 0 | G89: 180831882 | H89: 0 | I89: 1 Jak LAA | J89: Perawatan KAI
A90: 4222525010 Bangunan LAA KAI | B90: 400000000 | C90: 400000000 | D90: 0 | E90: 52516373 | F90: 52516373 | G90: 347483627 | H90: 0 | I90: 1 Jak LAA | J90: Perawatan KAI
... A112: 4273500000 Pakaian Dinas Pegawai Renwas JJ/Sintel LAA | B112: 3850588 | C112: 3850588 | D112: 0 | E112: 0 | F112: 0 | G112: 3850588 | H112: 0 | I112: 1 Jak LAA | J112: -
A113: 21023000 Listrik Aliran Atas | B113: 82194342236 | C113: 81718644736 | D113: 19288629705 | E113: 17882709562 | F113: 37171339267 | G113: 44547305469 | H113: 475697500 | I113: 1 Jak LAA | J113: #N/A
A114: 1182000000 Persediaan Prasarana Perkeretaapian dan Umum | B114: 8995670000 | C114: 8995670000 | D114: 7317523312 | E114: 477511000 | F114: 7795034312 | G114: 1200635688 | H114: 0 | I114: 2 Bd | J114: Perawatan BMN
A115: 4221422010 Peralatan Luar Sinyal Elektrik BMN | B115: 435680000 | C115: 435680000 | D115: 79631400 | E115: 8607111 | F115: 88238511 | G115: 347441489 | H115: 0 | I115: 2 Bd | J115: Perawatan BMN
A116: 4221423010 Peralatan Dalam Sinyal Mekanik BMN | B116: 229890000 | C116: 229890000 | D116: 0 | E116: 0 | F116: 0 | G116: 229890000 | H116: 0 | I116: 2 Bd | J116: Perawatan BMN
A117: 4221424010 Peralatan Luar Sinyal Mekanik BMN | B117: 929147000 | C117: 929147000 | D117: 496893043 | E117: 9466019 | F117: 506359062 | G117: 422787938 | H117: 0 | I117: 2 Bd | J117: Perawatan BMN
A118: 4221425010 Pengamanan Perlintasan Sebidang BMN | B118: 1200699000 | C118: 1200699000 | D118: 0 | E118: 0 | F118: 0 | G118: 1200699000 | H118: 0 | I118: 2 Bd | J118: Perawatan BMN
A119: 4221426010 Pesawat Telepon BMN | B119: 818532000 | C119: 818532000 | D119: 277500000 | E119: 0 | F119: 277500000 | G119: 541032000 | H119: 0 | I119: 2 Bd | J119: Perawatan BMN
A120: 4221427010 Transmisi Komunikasi BMN | B120: 4824864000 | C120: 4824864000 | D120: 4422334413 | E120: 0 | F120: 4422334413 | G120: 402529587 | H120: 0 | I120: 2 Bd | J120: Perawatan BMN
A121: 4221428010 Peralatan Pendukung Sintel BMN | B121: 1665000000 | C121: 1665000000 | D121: 249297044 | E121: 154298841 | F121: 403595885 | G121: 1261404115 | H121: 0 | I121: 2 Bd | J121: Perawatan BMN
A122: 4221428011 Bangunan Sintel BMN | B122: 530067000 | C122: 530067000 | D122: 319835904 | E122: 0 | F122: 319835904 | G122: 210231096 | H122: 0 | I122: 2 Bd | J122: Perawatan BMN
A123: 4221428012 Sistem Proteksi Sintel BMN | B123: 680000000 | C123: 680000000 | D123: 455200001 | E123: 49555233 | F123: 504755234 | G123: 175244766 | H123: 0 | I123: 2 Bd | J123: Perawatan BMN
A124: 4221428014 Catu Daya Sintel BMN | B124: 2233168000 | C124: 2233168000 | D124: 1955857840 | E124: 0 | F124: 1955857840 | G124: 277310160 | H124: 0 | I124: 2 Bd | J124: Perawatan BMN
A125: 4222422110 Peralatan Pendukung Sintel KAI | B125: 354000000 | C125: 354000000 | D125: 243524388 | E125: 0 | F125: 243524388 | G125: 110475612 | H125: 0 | I125: 2 Bd | J125: Perawatan KAI
... A146: 5400000000 Penyusutan AT Lainnya (Fasilitas Umum) | B146: 0 | C146: 0 | D146: 0 | E146: 36550000 | F146: 36550000 | G146: -36550000 | H146: 0 | I146: 2 Bd | J146: -
A147: 22022000 Sintelis | B147: 51137179717 | C147: 50726099717 | D147: 16754436741 | E147: 6421214806 | F147: 23175651547 | G147: 27550448170 | H147: 411080000 | I147: 2 Bd | J147: #N/A
A148: 1182000000 Persediaan Prasarana Perkeretaapian dan Umum | B148: 11383511000 | C148: 11383511000 | D148: 9763165316 | E148: 0 | F148: 9763165316 | G148: 1620345684 | H148: 0 | I148: 3 Cn | J148: Perawatan BMN
A149: 4221422010 Peralatan Luar Sinyal Elektrik BMN | B149: 3998040540 | C149: 3998040540 | D149: 865634917 | E149: 6986400 | F149: 872621317 | G149: 3125419223 | H149: 0 | I149: 3 Cn | J149: Perawatan BMN
A150: 4221424010 Peralatan Luar Sinyal Mekanik BMN | B150: 0 | C150: 0 | D150: 0 | E150: 0 | F150: 0 | G150: 0 | H150: 0 | I150: 3 Cn | J150: Perawatan BMN
A151: 4221425010 Pengamanan Perlintasan Sebidang BMN | B151: 499675000 | C151: 499675000 | D151: 106240051 | E151: 0 | F151: 106240051 | G151: 393434949 | H151: 0 | I151: 3 Cn | J151: Perawatan BMN
A152: 4221426010 Pesawat Telepon BMN | B152: 870437000 | C152: 870437000 | D152: 72346470 | E152: 8315000 | F152: 80661470 | G152: 789775530 | H152: 0 | I152: 3 Cn | J152: Perawatan BMN
A153: 4221427010 Transmisi Komunikasi BMN | B153: 393763000 | C153: 393763000 | D153: 0 | E153: 10224916 | F153: 10224916 | G153: 383538084 | H153: 0 | I153: 3 Cn | J153: Perawatan BMN
A154: 4221428010 Peralatan Pendukung Sintel BMN | B154: 1702406000 | C154: 1702406000 | D154: 288060277 | E154: 106580059 | F154: 394640336 | G154: 1307765664 | H154: 0 | I154: 3 Cn | J154: Perawatan BMN
A155: 4221428011 Bangunan Sintel BMN | B155: 463360000 | C155: 463360000 | D155: 22153380 | E155: 0 | F155: 22153380 | G155: 441206620 | H155: 0 | I155: 3 Cn | J155: Perawatan BMN
A156: 4221428012 Sistem Proteksi Sintel BMN | B156: 996956000 | C156: 996956000 | D156: 0 | E156: 0 | F156: 0 | G156: 996956000 | H156: 0 | I156: 3 Cn | J156: Perawatan BMN
A157: 4221428013 Tanda Semboyan Marka Sintel BMN | B157: 317990000 | C157: 317990000 | D157: 3857000 | E157: 0 | F157: 3857000 | G157: 314133000 | H157: 0 | I157: 3 Cn | J157: Perawatan BMN
A158: 4221428014 Catu Daya Sintel BMN | B158: 2427860000 | C158: 2427860000 | D158: 48285000 | E158: 0 | F158: 48285000 | G158: 2379575000 | H158: 0 | I158: 3 Cn | J158: Perawatan BMN
A159: 4222423110 Bangunan Sintel KAI | B159: 500000000 | C159: 500000000 | D159: 38082500 | E159: 8775138 | F159: 46857638 | G159: 453142362 | H159: 0 | I159: 3 Cn | J159: Perawatan KAI
... A180: 4273500000 Pakaian Dinas Pegawai Renwas JJ/Sintel LAA | B180: 3850588 | C180: 3850588 | D180: 0 | E180: 0 | F180: 0 | G180: 3850588 | H180: 0 | I180: 3 Cn | J180: -
A181: 23022000 Sintelis | B181: 46824993527 | C181: 46375593027 | D181: 11360522923 | E181: 4573989269 | F181: 15934512192 | G181: 30441080835 | H181: 449400500 | I181: 3 Cn | J181: #N/A
A182: 1182000000 Persediaan Prasarana Perkeretaapian dan Umum | B182: 7317456560 | C182: 7317456560 | D182: 6239069420 | E182: 0 | F182: 6239069420 | G182: 1078387140 | H182: 0 | I182: 4 Sm | J182: Perawatan BMN
A183: 4123210010 Gaji &Tunjangan Pegawai Perawatan Sarana | B183: 65407631 | C183: 65407631 | D183: 0 | E183: 0 | F183: 0 | G183: 65407631 | H183: 0 | I183: 4 Sm | J183: -
A184: 4123240000 Lembur dan Perangsang Pegawai Perawatan Sarana | B184: 125267590 | C184: 125267590 | D184: 0 | E184: 0 | F184: 0 | G184: 125267590 | H184: 0 | I184: 4 Sm | J184: -
A185: 4123250000 Pakaian Dinas Pegawai Perawatan Sarana | B185: 550084 | C185: 550084 | D185: 0 | E185: 0 | F185: 0 | G185: 550084 | H185: 0 | I185: 4 Sm | J185: -
A186: 4221422010 Peralatan Luar Sinyal Elektrik BMN | B186: 3030122000 | C186: 3030122000 | D186: 461381691 | E186: 0 | F186: 461381691 | G186: 2568740309 | H186: 0 | I186: 4 Sm | J186: Perawatan BMN
A187: 4221423010 Peralatan Dalam Sinyal Mekanik BMN | B187: 450000000 | C187: 450000000 | D187: 0 | E187: 0 | F187: 0 | G187: 450000000 | H187: 0 | I187: 4 Sm | J187: Perawatan BMN
A188: 4221424010 Peralatan Luar Sinyal Mekanik BMN | B188: 455000000 | C188: 455000000 | D188: 5081445 | E188: 0 | F188: 5081445 | G188: 449918555 | H188: 0 | I188: 4 Sm | J188: Perawatan BMN
A189: 4221425010 Pengamanan Perlintasan Sebidang BMN | B189: 469000000 | C189: 469000000 | D189: 44160000 | E189: 5475000 | F189: 49635000 | G189: 419365000 | H189: 0 | I189: 4 Sm | J189: Perawatan BMN
A190: 4221426010 Pesawat Telepon BMN | B190: 400000000 | C190: 400000000 | D190: 51500000 | E190: 0 | F190: 51500000 | G190: 348500000 | H190: 0 | I190: 4 Sm | J190: Perawatan BMN
A191: 4221427010 Transmisi Komunikasi BMN | B191: 609000000 | C191: 609000000 | D191: 88477869 | E191: 46885000 | F191: 135362869 | G191: 473637131 | H191: 0 | I191: 4 Sm | J191: Perawatan BMN
A192: 4221428010 Peralatan Pendukung Sintel BMN | B192: 1862650000 | C192: 1862650000 | D192: 735987201 | E192: 75332346 | F192: 811319547 | G192: 1051330453 | H192: 0 | I192: 4 Sm | J192: Perawatan BMN
A193: 4221428011 Bangunan Sintel BMN | B193: 281000000 | C193: 281000000 | D193: 30944688 | E193: 0 | F193: 30944688 | G193: 250055312 | H193: 0 | I193: 4 Sm | J193: Perawatan BMN
... A218: 4273500000 Pakaian Dinas Pegawai Renwas JJ/Sintel LAA | B218: 2750420 | C218: 2750420 | D218: 0 | E218: 0 | F218: 0 | G218: 2750420 | H218: 0 | I218: 4 Sm | J218: -
A219: 24022000 Sintelis | B219: 43869608368 | C219: 43454346868 | D219: 9344569914 | E219: 5909133223 | F219: 15253703137 | G219: 28200643731 | H219: 415261500 | I219: 4 Sm | J219: #N/A
A220: 1182000000 Persediaan Prasarana Perkeretaapian dan Umum | B220: 12264606000 | C220: 12264606000 | D220: 9573167730 | E220: 36030000 | F220: 9609197730 | G220: 2655408270 | H220: 0 | I220: 5 Pwt | J220: Perawatan BMN
A221: 4221422010 Peralatan Luar Sinyal Elektrik BMN | B221: 1126306000 | C221: 1126306000 | D221: 617301007 | E221: 0 | F221: 617301007 | G221: 509004993 | H221: 0 | I221: 5 Pwt | J221: Perawatan BMN
A222: 4221423010 Peralatan Dalam Sinyal Mekanik BMN | B222: 100000000 | C222: 100000000 | D222: 0 | E222: 0 | F222: 0 | G222: 100000000 | H222: 0 | I222: 5 Pwt | J222: Perawatan BMN
A223: 4221424010 Peralatan Luar Sinyal Mekanik BMN | B223: 495000000 | C223: 495000000 | D223: 29117120 | E223: 0 | F223: 29117120 | G223: 465882880 | H223: 0 | I223: 5 Pwt | J223: Perawatan BMN
A224: 4221425010 Pengamanan Perlintasan Sebidang BMN | B224: 200000000 | C224: 200000000 | D224: 0 | E224: 0 | F224: 0 | G224: 200000000 | H224: 0 | I224: 5 Pwt | J224: Perawatan BMN
A225: 4221427010 Transmisi Komunikasi BMN | B225: 1310391000 | C225: 1310391000 | D225: 62324038 | E225: 100383550 | F225: 162707588 | G225: 1147683412 | H225: 0 | I225: 5 Pwt | J225: Perawatan BMN
A226: 4221428010 Peralatan Pendukung Sintel BMN | B226: 1380000000 | C226: 1380000000 | D226: 341396016 | E226: 201042000 | F226: 542438016 | G226: 837561984 | H226: 0 | I226: 5 Pwt | J226: Perawatan BMN
A227: 4221428011 Bangunan Sintel BMN | B227: 350000000 | C227: 350000000 | D227: 0 | E227: 0 | F227: 0 | G227: 350000000 | H227: 0 | I227: 5 Pwt | J227: Perawatan BMN
A228: 4221428012 Sistem Proteksi Sintel BMN | B228: 497000000 | C228: 497000000 | D228: 496659494 | E228: 0 | F228: 496659494 | G228: 340506 | H228: 0 | I228: 5 Pwt | J228: Perawatan BMN
A229: 4221428013 Tanda Semboyan Marka Sintel BMN | B229: 100000000 | C229: 100000000 | D229: 6718000 | E229: 0 | F229: 6718000 | G229: 93282000 | H229: 0 | I229: 5 Pwt | J229: Perawatan BMN
A230: 4221428014 Catu Daya Sintel BMN | B230: 2264065000 | C230: 2264065000 | D230: 1986680000 | E230: 0 | F230: 1986680000 | G230: 277385000 | H230: 0 | I230: 5 Pwt | J230: Perawatan BMN
A231: 4222424010 Peralatan Luar Sinyal Elektrik KAI | B231: 30000000 | C231: 30000000 | D231: 0 | E231: 0 | F231: 0 | G231: 30000000 | H231: 0 | I231: 5 Pwt | J231: Perawatan KAI
... A249: 4273500000 Pakaian Dinas Pegawai Renwas JJ/Sintel LAA | B249: 2750420 | C249: 2750420 | D249: 0 | E249: 0 | F249: 0 | G249: 2750420 | H249: 0 | I249: 5 Pwt | J249: -
A250: 25022000 Sintelis | B250: 49439984720 | C250: 48914772555 | D250: 14334527142 | E250: 6067685934 | F250: 20402213076 | G250: 28512559479 | H250: 525212165 | I250: 5 Pwt | J250: #N/A
A251: 1182000000 Persediaan Prasarana Perkeretaapian dan Umum | B251: 5695069150 | C251: 5695069150 | D251: 3653645019 | E251: 0 | F251: 3653645019 | G251: 2041424131 | H251: 0 | I251: 6 Yk | J251: Perawatan BMN
...

Sheet Pivot_
B1: Row Labels | C1: Sum of Consumed | D1: Sum of Actual
B2: 1 Jak LAA | C2: 29208950672 | D2: 9920320967
A3: 1 Jak (LAA) | B3: BUTAP KAI | C3: 235978350 | D3: 158206850
A4: =A3 -> 1 Jak (LAA) | B4: Peralatan Khusus KAI | C4: 66464000 | D4: 24488000
A5: =A4 -> 1 Jak (LAA) | B5: Perawatan BMN | C5: 28303608349 | D5: 9632690644
A6: =A5 -> 1 Jak (LAA) | B6: Perawatan KAI | C6: 602899973 | D6: 104935473
B7: 1 Jak STL | C7: 23093290005 | D7: 1656203874
A8: 1 Jak | B8: BBM Mekanik | C8: 28710000 | D8: 0
A9: =A8 -> 1 Jak | B9: BUTAP KAI | C9: 592051011 | D9: 207870775
A10: =A9 -> 1 Jak | B10: LAT IO | C10: 675269947 | D10: 675269947
A11: =A10 -> 1 Jak | B11: Peralatan Khusus KAI | C11: 0 | D11: 0
A12: =A11 -> 1 Jak | B12: Perawatan BMN | C12: 21266339047 | D12: 704063152
A13: =A12 -> 1 Jak | B13: Perawatan KAI | C13: 530920000 | D13: 69000000
B14: 2 Bd | C14: 18119039072 | D14: 1364602331
A15: =B14 -> 2 Bd | B15: BBM Mekanik | C15: 15775000 | D15: 7520000
A16: =A15 -> 2 Bd | B16: BUTAP KAI | C16: 225859389 | D16: 183468889
A17: =A16 -> 2 Bd | B17: LAT IO | C17: 474175238 | D17: 474175238
A18: =A17 -> 2 Bd | B18: Peralatan Khusus KAI | C18: 497734500 | D18: 0
A19: =A18 -> 2 Bd | B19: Perawatan BMN | C19: 16273511161 | D19: 699438204
A20: =A19 -> 2 Bd | B20: Perawatan KAI | C20: 631983784 | D20: 0
B21: 3 Cn | C21: 12199128376 | D21: 838605453
A22: =B21 -> 3 Cn | B22: BBM Mekanik | C22: 11205000 | D22: 0
A23: =A22 -> 3 Cn | B23: BUTAP KAI | C23: 345568297 | D23: 204075285
A24: =A23 -> 3 Cn | B24: LAT IO | C24: 493648655 | D24: 493648655
A25: =A24 -> 3 Cn | B25: Peralatan Khusus KAI | C25: 0 | D25: 0
A26: =A25 -> 3 Cn | B26: Perawatan BMN | C26: 11301848786 | D26: 132106375
A27: =A26 -> 3 Cn | B27: Perawatan KAI | C27: 46857638 | D27: 8775138
B28: 4 Sm | C28: 10425260223 | D28: 1080690309
A29: =B28 -> 4 Sm | B29: BBM Mekanik | C29: 71775000 | D29: 71775000
A30: =A29 -> 4 Sm | B30: BUTAP KAI | C30: 278221421 | D30: 199894421
A31: =A30 -> 4 Sm | B31: LAT IO | C31: 569677542 | D31: 569677542
A32: =A31 -> 4 Sm | B32: Peralatan Khusus KAI | C32: 41856000 | D32: 41856000
A33: =A32 -> 4 Sm | B33: Perawatan BMN | C33: 9439022660 | D33: 197487346
A34: =A33 -> 4 Sm | B34: Perawatan KAI | C34: 24707600 | D34: 0
B35: 5 Pwt | C35: 15493088575 | D35: 1158561433
A36: =B35 -> 5 Pwt | B36: BBM Mekanik | C36: 32848750 | D36: 32848750
A37: =A36 -> 5 Pwt | B37: BUTAP KAI | C37: 940203567 | D37: 214869830
A38: =A37 -> 5 Pwt | B38: LAT IO | C38: 573387303 | D38: 573387303
A39: =A38 -> 5 Pwt | B39: Peralatan Khusus KAI | C39: 0 | D39: 0
A40: =A39 -> 5 Pwt | B40: Perawatan BMN | C40: 13450818955 | D40: 337455550
A41: =A40 -> 5 Pwt | B41: Perawatan KAI | C41: 495830000 | D41: 0
B42: 6 Yk | C42: 13671567169 | D42: 1219678277
A43: =B42 -> 6 Yk | B43: BBM Mekanik | C43: 63260000 | D43: 62100000
A44: =A43 -> 6 Yk | B44: BUTAP KAI | C44: 631076912 | D44: 200799692
A45: =A44 -> 6 Yk | B45: LAT IO | C45: 465736545 | D45: 465736545
A46: =A45 -> 6 Yk | B46: Peralatan Khusus KAI | C46: 0 | D46: 0
A47: =A46 -> 6 Yk | B47: Perawatan BMN | C47: 12466034712 | D47: 454542040
A48: =A47 -> 6 Yk | B48: Perawatan KAI | C48: 45459000 | D48: 36500000
B49: 7 Mn | C49: 7750632080 | D49: 804137941
A50: =B49 -> 7 Mn | B50: BBM Mekanik | C50: 21262500 | D50: 21262500
A51: =A50 -> 7 Mn | B51: BUTAP KAI | C51: 163729636 | D51: 117593136
A52: =A51 -> 7 Mn | B52: LAT IO | C52: 407799162 | D52: 407799162
A53: =A52 -> 7 Mn | B53: Peralatan Khusus KAI | C53: 2159300 | D53: 2159300
A54: =A53 -> 7 Mn | B54: Perawatan BMN | C54: 7153737482 | D54: 253379843
A55: =A54 -> 7 Mn | B55: Perawatan KAI | C55: 1944000 | D55: 1944000
B56: 8 Sb | C56: 21748614036 | D56: 2496931968
A57: =B56 -> 8 Sb | B57: BBM Mekanik | C57: 28052000 | D57: 28052000
A58: =A57 -> 8 Sb | B58: BUTAP KAI | C58: 225459743 | D58: 163458728
A59: =A58 -> 8 Sb | B59: LAT IO | C59: 600767392 | D59: 600310622
A60: =A59 -> 8 Sb | B60: Peralatan Khusus KAI | C60: 0 | D60: 0
A61: =A60 -> 8 Sb | B61: Perawatan BMN | C61: 20894334901 | D61: 1705110618
A62: =A61 -> 8 Sb | B62: Perawatan KAI | C62: 0 | D62: 0
B63: 9 Jr | C63: 1591821260 | D63: 684092964
A64: =B63 -> 9 Jr | B64: BBM Mekanik | C64: 19823200 | D64: 0
A65: =A64 -> 9 Jr | B65: BUTAP KAI | C65: 292161412 | D65: 161807412
A66: =A65 -> 9 Jr | B66: LAT IO | C66: 142418828 | D66: 100820038
A67: =A66 -> 9 Jr | B67: Peralatan Khusus KAI | C67: 11000000 | D67: 0
A68: =A67 -> 9 Jr | B68: Perawatan BMN | C68: 1126417820 | D68: 421465514
A69: =A68 -> 9 Jr | B69: Perawatan KAI | C69: 0 | D69: 0
B70: I Su | C70: 1579104140 | D70: 646810092
A71: =B70 -> I Su | B71: BBM Mekanik | C71: 52208150 | D71: 0
A72: =A71 -> I Su | B72: BUTAP KAI | C72: 317782812 | D72: 168080362
A73: =A72 -> I Su | B73: LAT IO | C73: 348979818 | D73: 329979818
A74: =A73 -> I Su | B74: Peralatan Khusus KAI | C74: 0 | D74: 0
A75: =A74 -> I Su | B75: Perawatan BMN | C75: 860133360 | D75: 148749912
A76: =A75 -> I Su | B76: Perawatan KAI | C76: 0 | D76: 0
B77: II Pd | C77: 524346780 | D77: 81050880
A78: =B77 -> II Pd | B78: BBM Mekanik | C78: 12542600 | D78: 6119400
A79: =A78 -> II Pd | B79: BUTAP BMN
A80: =A79 -> II Pd | B80: BUTAP KAI | C80: 18972350 | D80: 9429650
A81: =A80 -> II Pd | B81: Peralatan Khusus BMN
A82: =A81 -> II Pd | B82: Peralatan Khusus KAI | C82: 9000000 | D82: 0
A83: =A82 -> II Pd | B83: Perawatan BMN | C83: 483831830 | D83: 65501830
B84: III Pg | C84: 14946167164 | D84: 1503719745
A85: =B84 -> III Pg | B85: BBM Mekanik | C85: 163165000 | D85: 128340000
A86: =A85 -> III Pg | B86: BUTAP KAI | C86: 530092916 | D86: 310136927
A87: =A86 -> III Pg | B87: LAT IO | C87: 629432103 | D87: 608048070
A88: =A87 -> III Pg | B88: Peralatan Khusus BMN | C88: 0 | D88: 0
A89: =A88 -> III Pg | B89: Peralatan Khusus KAI | C89: 12720000 | D89: 12720000
A90: =A89 -> III Pg | B90: Perawatan BMN | C90: 7759691599 | D90: 0
A91: =A90 -> III Pg | B91: Perawatan KAI | C91: 5851065546 | D91: 444474748
B92: IV Tnk | C92: 23989499613 | D92: 1374354202
A93: =B92 -> IV Tnk | B93: BBM Mekanik | C93: 71585000 | D93: 32200000
A94: =A93 -> IV Tnk | B94: BUTAP KAI | C94: 234213669 | D94: 158066279
A95: =A94 -> IV Tnk | B95: LAT IO | C95: 337750530 | D95: 331100876
A96: =A95 -> IV Tnk | B96: Peralatan Khusus KAI | C96: 183170000 | D96: 83170000
A97: =A96 -> IV Tnk | B97: Perawatan BMN | C97: 23157828727 | D97: 769817047
A98: =A97 -> IV Tnk | B98: Perawatan KAI | C98: 4951687 | D98: 0
B99: KP | C99: 290746249171 | D99: 49405955835
A100: Kantor Pusat | B100: BUTAP BMN | C100: 20986164 | D100: 0
...

Sheet Rekap
B3: TOTAL STE
B4: Daerah | C4: RKAO Disetujui | D4: RKAP SAP | E4: Release SAP | F4: % Release | G4: Consume SAP | H4: % Consume | I4: Actual SAP | J4: % Actual | K4: Available SAP
B5: 1 Jak LAA | C5: 47253817201 | D5: 47253817201 | E5: 46778119701 | F5: 0.9899 | G5: 29208950672 | H5: 0.6244 | I5: 9920320967 | J5: 0.2121 | K5: 17569169029
B6: 1 Jak STL | C6: 63265782000 | D6: 63265781854 | E6: 62594280354 | F6: 0.9894 | G6: 23093290005 | H6: 0.3689 | I6: 1656203874 | J6: 0.0265 | K6: 39500990349
B7: 2 Bd | C7: 28292912000 | D7: 28192912000 | E7: 27781832000 | F7: 0.9819 | G7: 18119039072 | H7: 0.6522 | I7: 1364602331 | J7: 0.0491 | K7: 9662792928
B8: 3 Cn | C8: 26776308000 | D8: 29024830540 | E8: 28575430040 | F8: 1.0672 | G8: 12199128376 | H8: 0.4269 | I8: 838605453 | J8: 0.0293 | K8: 16376301664
B9: 4 Sm | C9: 22738650000 | D9: 22738649560 | E9: 22323388060 | F9: 0.9817 | G9: 10425260223 | H9: 0.467 | I9: 1080690309 | J9: 0.0484 | K9: 11898127837
B10: 5 Pwt | C10: 27448857000 | D10: 27448857400 | E10: 26923645235 | F10: 0.9809 | G10: 15493088575 | H10: 0.5754 | I10: 1158561433 | J10: 0.043 | K10: 11430556660
B11: 6 Yk | C11: 35394555000 | D11: 35583038437 | E11: 35051993024 | F11: 0.9903 | G11: 13671567169 | H11: 0.39 | I11: 1219678277 | J11: 0.0348 | K11: 21380425855
B12: 7 Mn | C12: 13759223000 | D12: 13619223000 | E12: 13359083500 | F12: 0.9709 | G12: 7750632080 | H12: 0.5802 | I12: 804137941 | J12: 0.0602 | K12: 5608451420
B13: 8 Sb | C13: 33298000000 | D13: 33504140252 | E13: 32977805327 | F13: 0.9904 | G13: 21748614036 | H13: 0.6595 | I13: 2496931968 | J13: 0.0757 | K13: 11229191291
B14: 9 Jr | C14: 12904694000 | D14: 12854694000 | E14: 12622019000 | F14: 0.9781 | G14: 1591821260 | H14: 0.1261 | I14: 684092964 | J14: 0.0542 | K14: 11030197740
B15: I Su | C15: 14076601000 | D15: 14076601000 | E15: 13603793250 | F15: 0.9664 | G15: 1579104140 | H15: 0.1161 | I15: 646810092 | J15: 0.0475 | K15: 12024689110
B16: II Pd | C16: 2349760730 | D16: 2349760730 | E16: 2247760730 | F16: 0.9566 | G16: 524346780 | H16: 0.2333 | I16: 81050880 | J16: 0.0361 | K16: 1723413950
... B20: TOTAL | C20: 730326988931 | D20: 730383339169 | E20: 721321342416 | F20: 0.9876 | G20: 485086758336 | H20: 0.6725 | I20: 74235716271 | J20: 0.1029 | K20: 236234584080
B22: Perawatan BMN
B23: Daerah | C23: RKAO Disetujui | D23: RKAP SAP | E23: Release SAP | F23: % Release | G23: Consume SAP | H23: % Consume | I23: Actual SAP | J23: % Actual | K23: Available SAP
B24: 1 Jak LAA | C24: 41949878537 | D24: 41949878537 | E24: 41949878537 | F24: 1 | G24: 28303608349 | H24: 0.6747 | I24: 9632690644 | J24: 0.2296 | K24: 13646270188
B25: 1 Jak STL | C25: 50254776000 | D25: 50254775704 | E25: 50254775704 | F25: 1 | G25: 21266339047 | H25: 0.4232 | I25: 704063152 | J25: 0.014 | K25: 28988436657
B26: 2 Bd | C26: 22542717000 | D26: 22542717000 | E26: 22542717000 | F26: 1 | G26: 16273511161 | H26: 0.7219 | I26: 699438204 | J26: 0.031 | K26: 6269205839
B27: 3 Cn | C27: 20805476000 | D27: 23053998540 | E27: 23053998540 | F27: 1.1081 | G27: 11301848786 | H27: 0.4902 | I27: 132106375 | J27: 0.0057 | K27: 11752149754
B28: 4 Sm | C28: 17365504000 | D28: 17365503560 | E28: 17365503560 | F28: 1 | G28: 9439022660 | H28: 0.5436 | I28: 197487346 | J28: 0.0114 | K28: 7926480900
B29: 5 Pwt | C29: 20087368000 | D29: 20087368000 | E29: 20087368000 | F29: 1 | G29: 13450818955 | H29: 0.6696 | I29: 337455550 | J29: 0.0168 | K29: 6636549045
B30: 6 Yk | C30: 28538689000 | D30: 28538688812 | E30: 28538688812 | F30: 1 | G30: 12466034712 | H30: 0.4368 | I30: 454542040 | J30: 0.0159 | K30: 16072654100
B31: 7 Mn | C31: 9243055000 | D31: 9243055000 | E31: 9243055000 | F31: 1 | G31: 7153737482 | H31: 0.774 | I31: 253379843 | J31: 0.0274 | K31: 2089317518
B32: 8 Sb | C32: 26583433000 | D32: 26583433552 | E32: 26583433552 | F32: 1 | G32: 20894334901 | H32: 0.786 | I32: 1705110618 | J32: 0.0641 | K32: 5689098651
B33: 9 Jr | C33: 11122934000 | D33: 11122934000 | E33: 11122934000 | F33: 1 | G33: 1126417820 | H33: 0.1013 | I33: 421465514 | J33: 0.0379 | K33: 9996516180
B34: I Su | C34: 8737570000 | D34: 8737570000 | E34: 8737570000 | F34: 1 | G34: 860133360 | H34: 0.0984 | I34: 148749912 | J34: 0.017 | K34: 7877436640
B35: II Pd | C35: 1871950730 | D35: 1871950730 | E35: 1871950730 | F35: 1 | G35: 483831830 | H35: 0.2585 | I35: 65501830 | J35: 0.035 | K35: 1388118900
B36: III Pg | C36: 0 | D36: 0 | E36: 0 | G36: 0 | I36: 0 | K36: 0
B37: IV Tnk | C37: 30325250000 | D37: 30325250000 | E37: 30325250000 | F37: 1 | G37: 23157828727 | H37: 0.7636 | I37: 769817047 | J37: 0.0254 | K37: 7167421273
B38: KP | C38: 317562391000 | D38: 315313866921 | E38: 315313866921 | F38: 0.9929 | G38: 289295753238 | H38: 0.9175 | I38: 48109844280 | J38: 0.1526 | K38: 26018113683
B39: TOTAL | C39: 606990992267 | D39: 606990990356 | E39: 606990990356 | F39: 1 | G39: 455473221028 | H39: 0.7504 | I39: 63631652355 | J39: 0.1048 | K39: 151517769328
B41: Perawatan KAI
B42: Daerah | C42: RKAO Disetujui | D42: RKAP | E42: Release | F42: % Release | G42: Consume | H42: % Consume | I42: Actual | J42: % Actual | K42: Available
B43: 1 Jak LAA | C43: 3172068664 | D43: 3172068664 | E43: 3172068664 | F43: 1 | G43: 602899973 | H43: 0.1901 | I43: 104935473 | J43: 0.0331 | K43: 2569168691
B44: 1 Jak STL | C44: 6370000000 | D44: 6370000000 | E44: 6370000000 | F44: 1 | G44: 530920000 | H44: 0.0833 | I44: 69000000 | J44: 0.0108 | K44: 5839080000
B45: 2 Bd | C45: 1504000000 | D45: 1504000000 | E45: 1504000000 | F45: 1 | G45: 631983784 | H45: 0.4202 | I45: 0 | J45: 0 | K45: 872016216
B46: 3 Cn | C46: 1446840000 | D46: 1446840000 | E46: 1446840000 | F46: 1 | G46: 46857638 | H46: 0.0324 | I46: 8775138 | J46: 0.0061 | K46: 1399982362
B47: 4 Sm | C47: 649000000 | D47: 649000000 | E47: 649000000 | F47: 1 | G47: 24707600 | H47: 0.0381 | I47: 0 | J47: 0 | K47: 624292400
B48: 5 Pwt | C48: 1185000000 | D48: 1185000000 | E48: 1185000000 | F48: 1 | G48: 495830000 | H48: 0.4184 | I48: 0 | J48: 0 | K48: 689170000
B49: 6 Yk | C49: 2242000000 | D49: 2242000000 | E49: 2242000000 | F49: 1 | G49: 45459000 | H49: 0.0203 | I49: 36500000 | J49: 0.0163 | K49: 2196541000
B50: 7 Mn | C50: 778000000 | D50: 778000000 | E50: 778000000 | F50: 1 | G50: 1944000 | H50: 0.0025 | I50: 1944000 | J50: 0.0025 | K50: 776056000
B51: 8 Sb | C51: 1600000000 | D51: 1600000000 | E51: 1600000000 | F51: 1 | G51: 0 | H51: 0 | I51: 0 | J51: 0 | K51: 1600000000
B52: 9 Jr | C52: 200000000 | D52: 200000000 | E52: 200000000 | F52: 1 | G52: 0 | H52: 0 | I52: 0 | J52: 0 | K52: 200000000
B53: I Su | C53: 750000000 | D53: 750000000 | E53: 750000000 | F53: 1 | G53: 0 | H53: 0 | I53: 0 | J53: 0 | K53: 750000000
B54: II Pd | C54: 0 | D54: 0 | E54: 0 | G54: 0 | I54: 0 | K54: 0
B55: III Pg | C55: 27992478000 | D55: 27992478000 | E55: 27992478000 | F55: 1 | G55: 13610757145 | H55: 0.4862 | I55: 444474748 | J55: 0.0159 | K55: 14381720855
B56: IV Tnk | C56: 300000000 | D56: 300000000 | E56: 300000000 | F56: 1 | G56: 4951687 | H56: 0.0165 | I56: 0 | J56: 0 | K56: 295048313
B57: KP | C57: 0 | D57: 0 | E57: 0 | G57: 0 | I57: 0 | K57: 0
B58: TOTAL | C58: 48189386664 | D58: 48189386664 | E58: 48189386664 | F58: 1 | G58: 15996310827 | H58: 0.3319 | I58: 665629359 | J58: 0.0138 | K58: 32193075837
B60: BUTAP BMN
B61: Daerah | C61: RKAO Disetujui | D61: RKAP | E61: Release | F61: % Release | G61: Consume | H61: % Consume | I61: Actual | J61: % Actual | K61: Available
B62: 1 Jak LAA | C62: 0 | D62: 0 | E62: 0 | G62: 0 | I62: 0 | K62: 0
B63: 1 Jak STL | C63: 0 | D63: 0 | E63: 0 | G63: 0 | I63: 0 | K63: 0
B64: 2 Bd | C64: 0 | D64: 0 | E64: 0 | G64: 0 | I64: 0 | K64: 0
B65: 3 Cn | C65: 0 | D65: 0 | E65: 0 | G65: 0 | I65: 0 | K65: 0
B66: 4 Sm | C66: 0 | D66: 0 | E66: 0 | G66: 0 | I66: 0 | K66: 0
B67: 5 Pwt | C67: 0 | D67: 0 | E67: 0 | G67: 0 | I67: 0 | K67: 0
B68: 6 Yk | C68: 0 | D68: 0 | E68: 0 | G68: 0 | I68: 0 | K68: 0
B69: 7 Mn | C69: 0 | D69: 0 | E69: 0 | G69: 0 | I69: 0 | K69: 0
B70: 8 Sb | C70: 0 | D70: 0 | E70: 0 | G70: 0 | I70: 0 | K70: 0
B71: 9 Jr | C71: 0 | D71: 0 | E71: 0 | G71: 0 | I71: 0 | K71: 0
B72: I Su | C72: 0 | D72: 0 | E72: 0 | G72: 0 | I72: 0 | K72: 0
B73: II Pd | C73: 0 | D73: 0 | E73: 0 | G73: 0 | I73: 0 | K73: 0
... B75: IV Tnk | C75: 0 | D75: 0 | E75: 0 | G75: 0 | I75: 0 | K75: 0
B76: KP | C76: 500000000 | D76: 492289000 | E76: 367289000 | F76: 0.7346 | G76: 20986164 | H76: 0.0571 | I76: 0 | J76: 0 | K76: 346302836
B77: TOTAL | C77: 500000000 | D77: 492289000 | E77: 367289000 | F77: 0.7461 | G77: 20986164 | H77: 0.0571 | I77: 0 | J77: 0 | K77: 346302836
B79: BUTAP KAI
B80: Daerah | C80: RKAO Disetujui | D80: RKAP | E80: Release | F80: % Release | G80: Consume | H80: % Consume | I80: Actual | J80: % Actual | K80: Available
B81: 1 Jak LAA | C81: 1931870000 | D81: 1931870000 | E81: 1506172500 | F81: 0.7796 | G81: 235978350 | H81: 0.1567 | I81: 158206850 | J81: 0.105 | K81: 1270194150
B82: 1 Jak STL | C82: 2561006000 | D82: 2561006000 | E82: 1989504500 | F82: 0.7768 | G82: 592051011 | H82: 0.2976 | I82: 207870775 | J82: 0.1045 | K82: 1397453489
B83: 2 Bd | C83: 1162320000 | D83: 1062320000 | E83: 827490000 | F83: 0.7119 | G83: 225859389 | H83: 0.2729 | I83: 183468889 | J83: 0.2217 | K83: 601630611
B84: 3 Cn | C84: 1682602000 | D84: 1682602000 | E84: 1295701500 | F84: 0.7701 | G84: 345568297 | H84: 0.2667 | I84: 204075285 | J84: 0.1575 | K84: 950133203
B85: 4 Sm | C85: 1684046000 | D85: 1684046000 | E85: 1306284500 | F85: 0.7757 | G85: 278221421 | H85: 0.213 | I85: 199894421 | J85: 0.153 | K85: 1028063079
B86: 5 Pwt | C86: 1822913000 | D86: 1822913400 | E86: 1557701235 | F86: 0.8545 | G86: 940203567 | H86: 0.6036 | I86: 214869830 | J86: 0.1379 | K86: 617497668
B87: 6 Yk | C87: 1882128000 | D87: 2303622733 | E87: 1822577320 | F87: 0.9684 | G87: 631076912 | H87: 0.3463 | I87: 200799692 | J87: 0.1102 | K87: 1191500408
B88: 7 Mn | C88: 1216858000 | D88: 1076858000 | E88: 841718500 | F88: 0.6917 | G88: 163729636 | H88: 0.1945 | I88: 117593136 | J88: 0.1397 | K88: 677988864
B89: 8 Sb | C89: 1861257000 | D89: 2067396700 | E89: 1591061775 | F89: 0.8548 | G89: 225459743 | H89: 0.1417 | I89: 163458728 | J89: 0.1027 | K89: 1365602032
B90: 9 Jr | C90: 960700000 | D90: 910700000 | E90: 705525000 | F90: 0.7344 | G90: 292161412 | H90: 0.4141 | I90: 161807412 | J90: 0.2293 | K90: 413363588
B91: I Su | C91: 1792231000 | D91: 1792231000 | E91: 1381923250 | F91: 0.7711 | G91: 317782812 | H91: 0.23 | I91: 168080362 | J91: 0.1216 | K91: 1064140438
B92: II Pd | C92: 372660000 | D92: 372660000 | E92: 285660000 | F92: 0.7665 | G92: 18972350 | H92: 0.0664 | I92: 9429650 | J92: 0.033 | K92: 266687650
... B96: TOTAL | C96: 32771864000 | D96: 33068931444 | E96: 25634434691 | F96: 0.7752 | G96: 5450506649 | H96: 0.2126 | I96: 2785952186 | J96: 0.1087 | K96: 20183928042
B98: Peralatan Khusus BMN
B99: Daerah | D99: RKAP | E99: Release | F99: % Release | G99: Consume | H99: % Consume | I99: Actual | J99: % Actual | K99: Available
B100: 1 Jak LAA | D100: 0 | E100: 0 | G100: 0 | I100: 0 | K100: 0
B101: 1 Jak STL | D101: 0 | E101: 0 | G101: 0 | I101: 0 | K101: 0
B102: 2 Bd | D102: 0 | E102: 0 | G102: 0 | I102: 0 | K102: 0
B103: 3 Cn | D103: 0 | E103: 0 | G103: 0 | I103: 0 | K103: 0
B104: 4 Sm | D104: 0 | E104: 0 | G104: 0 | I104: 0 | K104: 0
B105: 5 Pwt | D105: 0 | E105: 0 | G105: 0 | I105: 0 | K105: 0
B106: 6 Yk | D106: 0 | E106: 0 | G106: 0 | I106: 0 | K106: 0
B107: 7 Mn | D107: 0 | E107: 0 | G107: 0 | I107: 0 | K107: 0
B108: 8 Sb | D108: 0 | E108: 0 | G108: 0 | I108: 0 | K108: 0
B109: 9 Jr | D109: 0 | E109: 0 | G109: 0 | I109: 0 | K109: 0
B110: I Su | D110: 0 | E110: 0 | G110: 0 | I110: 0 | K110: 0
B111: II Pd | D111: 0 | E111: 0 | G111: 0 | I111: 0 | K111: 0
... B114: KP | D114: 0 | E114: 0 | G114: 0 | I114: 0 | K114: 0
B115: TOTAL | D115: 0 | E115: 0 | F115: #DIV/0! | G115: 0 | H115: #DIV/0! | I115: 0 | J115: #DIV/0! | K115: 0
B117: Peralatan Khusus KAI
...
